-- phpMyAdmin SQL Dump
-- version 4.8.5
-- https://www.phpmyadmin.net/
--
-- Host: 127.0.0.1
-- Generation Time: Jan 28, 2022 at 05:12 PM
-- Server version: 10.1.40-MariaDB
-- PHP Version: 7.3.5

SET SQL_MODE = "NO_AUTO_VALUE_ON_ZERO";
SET AUTOCOMMIT = 0;
START TRANSACTION;
SET time_zone = "+00:00";


/*!40101 SET @OLD_CHARACTER_SET_CLIENT=@@CHARACTER_SET_CLIENT */;
/*!40101 SET @OLD_CHARACTER_SET_RESULTS=@@CHARACTER_SET_RESULTS */;
/*!40101 SET @OLD_COLLATION_CONNECTION=@@COLLATION_CONNECTION */;
/*!40101 SET NAMES utf8mb4 */;

--
-- Database: `db`
--

-- --------------------------------------------------------

--
-- Table structure for table `exam_schedule`
--

CREATE TABLE `exam_schedule` (
  `exam_schedule` bigint(20) NOT NULL,
  `user_id` bigint(20) NOT NULL,
  `dept_id` bigint(20) NOT NULL,
  `batch_id` bigint(20) NOT NULL,
  `exam_title` varchar(50) NOT NULL DEFAULT '',
  `subject_title` varchar(500) NOT NULL DEFAULT '',
  `room_id` bigint(20) NOT NULL,
  `date` date NOT NULL,
  `start_time` time NOT NULL,
  `end_time` time NOT NULL,
  `duration` bigint(20) NOT NULL DEFAULT '0'
) ENGINE=InnoDB DEFAULT CHARSET=latin1;

--
-- Dumping data for table `exam_schedule`
--

INSERT INTO `exam_schedule` (`exam_schedule`, `user_id`, `dept_id`, `batch_id`, `exam_title`, `subject_title`, `room_id`, `date`, `start_time`, `end_time`, `duration`) VALUES
(1, 443, 1, 1, 'SUMMER 2022', 'Database Management System', 1, '2022-02-02', '10:00:00', '12:00:00', 0),
(2, 444, 1, 1, 'SUMMER 2022', 'Database Management System', 1, '2022-02-02', '10:00:00', '12:00:00', 0),
(3, 445, 1, 1, 'SUMMER 2022', 'Database Management System', 1, '2022-02-02', '10:00:00', '12:00:00', 0),
(4, 446, 1, 1, 'SUMMER 2022', 'Database Management System', 1, '2022-02-02', '10:00:00', '12:00:00', 0),
(5, 447, 1, 1, 'SUMMER 2022', 'Database Management System', 1, '2022-02-02', '10:00:00', '12:00:00', 0),
(6, 448, 1, 1, 'SUMMER 2022', 'Database Management System', 1, '2022-02-02', '10:00:00', '12:00:00', 0),
(7, 449, 1, 1, 'SUMMER 2022', 'Database Management System', 1, '2022-02-02', '10:00:00', '12:00:00', 0),
(8, 450, 1, 1, 'SUMMER 2022', 'Database Management System', 1, '2022-02-02', '10:00:00', '12:00:00', 0),
(9, 451, 1, 1, 'SUMMER 2022', 'Database Management System', 1, '2022-02-02', '10:00:00', '12:00:00', 0),
(10, 452, 1, 1, 'SUMMER 2022', 'Database Management System', 1, '2022-02-02', '10:00:00', '12:00:00', 0),
(11, 453, 1, 1, 'SUMMER 2022', 'Database Management System', 1, '2022-02-02', '10:00:00', '12:00:00', 0),
(12, 454, 1, 1, 'SUMMER 2022', 'Database Management System', 1, '2022-02-02', '10:00:00', '12:00:00', 0),
(13, 455, 1, 1, 'SUMMER 2022', 'Database Management System', 1, '2022-02-02', '10:00:00', '12:00:00', 0),
(14, 456, 1, 1, 'SUMMER 2022', 'Database Management System', 1, '2022-02-02', '10:00:00', '12:00:00', 0),
(15, 457, 1, 1, 'SUMMER 2022', 'Database Management System', 1, '2022-02-02', '10:00:00', '12:00:00', 0),
(16, 458, 1, 1, 'SUMMER 2022', 'Database Management System', 1, '2022-02-02', '10:00:00', '12:00:00', 0),
(17, 459, 1, 1, 'SUMMER 2022', 'Database Management System', 1, '2022-02-02', '10:00:00', '12:00:00', 0),
(18, 460, 1, 1, 'SUMMER 2022', 'Database Management System', 1, '2022-02-02', '10:00:00', '12:00:00', 0),
(19, 461, 1, 1, 'SUMMER 2022', 'Database Management System', 1, '2022-02-02', '10:00:00', '12:00:00', 0),
(20, 462, 1, 1, 'SUMMER 2022', 'Database Management System', 1, '2022-02-02', '10:00:00', '12:00:00', 0),
(21, 443, 1, 1, 'SUMMER 2022', 'Simulation & modeling', 2, '2022-02-05', '09:00:00', '23:00:00', 0),
(22, 444, 1, 1, 'SUMMER 2022', 'Simulation & modeling', 2, '2022-02-05', '09:00:00', '23:00:00', 0),
(23, 445, 1, 1, 'SUMMER 2022', 'Simulation & modeling', 2, '2022-02-05', '09:00:00', '23:00:00', 0),
(24, 446, 1, 1, 'SUMMER 2022', 'Simulation & modeling', 2, '2022-02-05', '09:00:00', '23:00:00', 0),
(25, 447, 1, 1, 'SUMMER 2022', 'Simulation & modeling', 2, '2022-02-05', '09:00:00', '23:00:00', 0),
(26, 448, 1, 1, 'SUMMER 2022', 'Simulation & modeling', 2, '2022-02-05', '09:00:00', '23:00:00', 0),
(27, 449, 1, 1, 'SUMMER 2022', 'Simulation & modeling', 2, '2022-02-05', '09:00:00', '23:00:00', 0),
(28, 450, 1, 1, 'SUMMER 2022', 'Simulation & modeling', 2, '2022-02-05', '09:00:00', '23:00:00', 0),
(29, 451, 1, 1, 'SUMMER 2022', 'Simulation & modeling', 2, '2022-02-05', '09:00:00', '23:00:00', 0),
(30, 452, 1, 1, 'SUMMER 2022', 'Simulation & modeling', 2, '2022-02-05', '09:00:00', '23:00:00', 0),
(31, 453, 1, 1, 'SUMMER 2022', 'Simulation & modeling', 2, '2022-02-05', '09:00:00', '23:00:00', 0),
(32, 454, 1, 1, 'SUMMER 2022', 'Simulation & modeling', 2, '2022-02-05', '09:00:00', '23:00:00', 0),
(33, 455, 1, 1, 'SUMMER 2022', 'Simulation & modeling', 2, '2022-02-05', '09:00:00', '23:00:00', 0),
(34, 456, 1, 1, 'SUMMER 2022', 'Simulation & modeling', 2, '2022-02-05', '09:00:00', '23:00:00', 0),
(35, 457, 1, 1, 'SUMMER 2022', 'Simulation & modeling', 2, '2022-02-05', '09:00:00', '23:00:00', 0),
(36, 458, 1, 1, 'SUMMER 2022', 'Simulation & modeling', 2, '2022-02-05', '09:00:00', '23:00:00', 0),
(37, 459, 1, 1, 'SUMMER 2022', 'Simulation & modeling', 2, '2022-02-05', '09:00:00', '23:00:00', 0),
(38, 460, 1, 1, 'SUMMER 2022', 'Simulation & modeling', 2, '2022-02-05', '09:00:00', '23:00:00', 0),
(39, 461, 1, 1, 'SUMMER 2022', 'Simulation & modeling', 2, '2022-02-05', '09:00:00', '23:00:00', 0),
(40, 462, 1, 1, 'SUMMER 2022', 'Simulation & modeling', 2, '2022-02-05', '09:00:00', '23:00:00', 0),
(41, 443, 1, 1, 'SUMMER 2022', 'Simulation & modeling sessional', 3, '2022-02-07', '14:00:00', '17:00:00', 0),
(42, 444, 1, 1, 'SUMMER 2022', 'Simulation & modeling sessional', 3, '2022-02-07', '14:00:00', '17:00:00', 0),
(43, 445, 1, 1, 'SUMMER 2022', 'Simulation & modeling sessional', 3, '2022-02-07', '14:00:00', '17:00:00', 0),
(44, 446, 1, 1, 'SUMMER 2022', 'Simulation & modeling sessional', 3, '2022-02-07', '14:00:00', '17:00:00', 0),
(45, 447, 1, 1, 'SUMMER 2022', 'Simulation & modeling sessional', 3, '2022-02-07', '14:00:00', '17:00:00', 0),
(46, 448, 1, 1, 'SUMMER 2022', 'Simulation & modeling sessional', 3, '2022-02-07', '14:00:00', '17:00:00', 0),
(47, 449, 1, 1, 'SUMMER 2022', 'Simulation & modeling sessional', 3, '2022-02-07', '14:00:00', '17:00:00', 0),
(48, 450, 1, 1, 'SUMMER 2022', 'Simulation & modeling sessional', 3, '2022-02-07', '14:00:00', '17:00:00', 0),
(49, 451, 1, 1, 'SUMMER 2022', 'Simulation & modeling sessional', 3, '2022-02-07', '14:00:00', '17:00:00', 0),
(50, 452, 1, 1, 'SUMMER 2022', 'Simulation & modeling sessional', 3, '2022-02-07', '14:00:00', '17:00:00', 0),
(51, 453, 1, 1, 'SUMMER 2022', 'Simulation & modeling sessional', 3, '2022-02-07', '14:00:00', '17:00:00', 0),
(52, 454, 1, 1, 'SUMMER 2022', 'Simulation & modeling sessional', 3, '2022-02-07', '14:00:00', '17:00:00', 0),
(53, 455, 1, 1, 'SUMMER 2022', 'Simulation & modeling sessional', 3, '2022-02-07', '14:00:00', '17:00:00', 0),
(54, 456, 1, 1, 'SUMMER 2022', 'Simulation & modeling sessional', 3, '2022-02-07', '14:00:00', '17:00:00', 0),
(55, 457, 1, 1, 'SUMMER 2022', 'Simulation & modeling sessional', 3, '2022-02-07', '14:00:00', '17:00:00', 0),
(56, 458, 1, 1, 'SUMMER 2022', 'Simulation & modeling sessional', 3, '2022-02-07', '14:00:00', '17:00:00', 0),
(57, 459, 1, 1, 'SUMMER 2022', 'Simulation & modeling sessional', 3, '2022-02-07', '14:00:00', '17:00:00', 0),
(58, 460, 1, 1, 'SUMMER 2022', 'Simulation & modeling sessional', 3, '2022-02-07', '14:00:00', '17:00:00', 0),
(59, 461, 1, 1, 'SUMMER 2022', 'Simulation & modeling sessional', 3, '2022-02-07', '14:00:00', '17:00:00', 0),
(60, 462, 1, 1, 'SUMMER 2022', 'Simulation & modeling sessional', 3, '2022-02-07', '14:00:00', '17:00:00', 0),
(61, 651, 3, 12, 'SUMMER 2022', 'Modern poetry', 1, '2022-02-02', '10:00:00', '12:00:00', 0),
(62, 652, 3, 12, 'SUMMER 2022', 'Modern poetry', 1, '2022-02-02', '10:00:00', '12:00:00', 0),
(63, 653, 3, 12, 'SUMMER 2022', 'Modern poetry', 1, '2022-02-02', '10:00:00', '12:00:00', 0),
(64, 654, 3, 12, 'SUMMER 2022', 'Modern poetry', 1, '2022-02-02', '10:00:00', '12:00:00', 0),
(65, 655, 3, 12, 'SUMMER 2022', 'Modern poetry', 1, '2022-02-02', '10:00:00', '12:00:00', 0),
(66, 656, 3, 12, 'SUMMER 2022', 'Modern poetry', 1, '2022-02-02', '10:00:00', '12:00:00', 0),
(67, 657, 3, 12, 'SUMMER 2022', 'Modern poetry', 1, '2022-02-02', '10:00:00', '12:00:00', 0),
(68, 658, 3, 12, 'SUMMER 2022', 'Modern poetry', 1, '2022-02-02', '10:00:00', '12:00:00', 0),
(69, 659, 3, 12, 'SUMMER 2022', 'Modern poetry', 1, '2022-02-02', '10:00:00', '12:00:00', 0),
(70, 660, 3, 12, 'SUMMER 2022', 'Modern poetry', 1, '2022-02-02', '10:00:00', '12:00:00', 0),
(71, 661, 3, 12, 'SUMMER 2022', 'Modern poetry', 1, '2022-02-02', '10:00:00', '12:00:00', 0),
(72, 662, 3, 12, 'SUMMER 2022', 'Modern poetry', 1, '2022-02-02', '10:00:00', '12:00:00', 0),
(73, 663, 3, 12, 'SUMMER 2022', 'Modern poetry', 1, '2022-02-02', '10:00:00', '12:00:00', 0),
(74, 664, 3, 12, 'SUMMER 2022', 'Modern poetry', 1, '2022-02-02', '10:00:00', '12:00:00', 0),
(75, 665, 3, 12, 'SUMMER 2022', 'Modern poetry', 1, '2022-02-02', '10:00:00', '12:00:00', 0),
(76, 666, 3, 12, 'SUMMER 2022', 'Modern poetry', 1, '2022-02-02', '10:00:00', '12:00:00', 0),
(77, 667, 3, 12, 'SUMMER 2022', 'Modern poetry', 1, '2022-02-02', '10:00:00', '12:00:00', 0),
(78, 668, 3, 12, 'SUMMER 2022', 'Modern poetry', 1, '2022-02-02', '10:00:00', '12:00:00', 0),
(79, 669, 3, 12, 'SUMMER 2022', 'Modern poetry', 1, '2022-02-02', '10:00:00', '12:00:00', 0),
(80, 670, 3, 12, 'SUMMER 2022', 'Modern poetry', 1, '2022-02-02', '10:00:00', '12:00:00', 0),
(81, 671, 3, 12, 'SUMMER 2022', 'Modern poetry', 2, '2022-02-02', '10:00:00', '12:00:00', 0),
(82, 672, 3, 12, 'SUMMER 2022', 'Modern poetry', 2, '2022-02-02', '10:00:00', '12:00:00', 0),
(83, 673, 3, 12, 'SUMMER 2022', 'Modern poetry', 2, '2022-02-02', '10:00:00', '12:00:00', 0),
(84, 674, 3, 12, 'SUMMER 2022', 'Modern poetry', 2, '2022-02-02', '10:00:00', '12:00:00', 0),
(85, 675, 3, 12, 'SUMMER 2022', 'Modern poetry', 2, '2022-02-02', '10:00:00', '12:00:00', 0),
(86, 676, 3, 12, 'SUMMER 2022', 'Modern poetry', 2, '2022-02-02', '10:00:00', '12:00:00', 0),
(87, 677, 3, 12, 'SUMMER 2022', 'Modern poetry', 2, '2022-02-02', '10:00:00', '12:00:00', 0),
(88, 678, 3, 12, 'SUMMER 2022', 'Modern poetry', 2, '2022-02-02', '10:00:00', '12:00:00', 0),
(89, 679, 3, 12, 'SUMMER 2022', 'Modern poetry', 2, '2022-02-02', '10:00:00', '12:00:00', 0),
(90, 680, 3, 12, 'SUMMER 2022', 'Modern poetry', 2, '2022-02-02', '10:00:00', '12:00:00', 0),
(91, 681, 3, 12, 'SUMMER 2022', 'Modern poetry', 2, '2022-02-02', '10:00:00', '12:00:00', 0),
(92, 682, 3, 12, 'SUMMER 2022', 'Modern poetry', 2, '2022-02-02', '10:00:00', '12:00:00', 0),
(93, 683, 3, 12, 'SUMMER 2022', 'Modern poetry', 2, '2022-02-02', '10:00:00', '12:00:00', 0),
(94, 684, 3, 12, 'SUMMER 2022', 'Modern poetry', 2, '2022-02-02', '10:00:00', '12:00:00', 0),
(95, 685, 3, 12, 'SUMMER 2022', 'Modern poetry', 2, '2022-02-02', '10:00:00', '12:00:00', 0),
(96, 686, 3, 12, 'SUMMER 2022', 'Modern poetry', 2, '2022-02-02', '10:00:00', '12:00:00', 0),
(97, 687, 3, 12, 'SUMMER 2022', 'Modern poetry', 2, '2022-02-02', '10:00:00', '12:00:00', 0),
(98, 688, 3, 12, 'SUMMER 2022', 'Modern poetry', 2, '2022-02-02', '10:00:00', '12:00:00', 0),
(99, 689, 3, 12, 'SUMMER 2022', 'Modern poetry', 2, '2022-02-02', '10:00:00', '12:00:00', 0),
(100, 690, 3, 12, 'SUMMER 2022', 'Modern poetry', 2, '2022-02-02', '10:00:00', '12:00:00', 0),
(101, 691, 3, 12, 'SUMMER 2022', 'Modern poetry', 3, '2022-02-02', '10:00:00', '12:00:00', 0),
(102, 692, 3, 12, 'SUMMER 2022', 'Modern poetry', 3, '2022-02-02', '10:00:00', '12:00:00', 0),
(103, 693, 3, 12, 'SUMMER 2022', 'Modern poetry', 3, '2022-02-02', '10:00:00', '12:00:00', 0),
(104, 694, 3, 12, 'SUMMER 2022', 'Modern poetry', 3, '2022-02-02', '10:00:00', '12:00:00', 0),
(105, 695, 3, 12, 'SUMMER 2022', 'Modern poetry', 3, '2022-02-02', '10:00:00', '12:00:00', 0),
(106, 696, 3, 12, 'SUMMER 2022', 'Modern poetry', 3, '2022-02-02', '10:00:00', '12:00:00', 0),
(107, 697, 3, 12, 'SUMMER 2022', 'Modern poetry', 3, '2022-02-02', '10:00:00', '12:00:00', 0),
(108, 698, 3, 12, 'SUMMER 2022', 'Modern poetry', 3, '2022-02-02', '10:00:00', '12:00:00', 0),
(109, 699, 3, 12, 'SUMMER 2022', 'Modern poetry', 3, '2022-02-02', '10:00:00', '12:00:00', 0),
(110, 700, 3, 12, 'SUMMER 2022', 'Modern poetry', 3, '2022-02-02', '10:00:00', '12:00:00', 0),
(111, 701, 3, 12, 'SUMMER 2022', 'Modern poetry', 3, '2022-02-02', '10:00:00', '12:00:00', 0),
(112, 702, 3, 12, 'SUMMER 2022', 'Modern poetry', 3, '2022-02-02', '10:00:00', '12:00:00', 0),
(113, 703, 3, 12, 'SUMMER 2022', 'Modern poetry', 3, '2022-02-02', '10:00:00', '12:00:00', 0),
(114, 704, 3, 12, 'SUMMER 2022', 'Modern poetry', 3, '2022-02-02', '10:00:00', '12:00:00', 0),
(115, 705, 3, 12, 'SUMMER 2022', 'Modern poetry', 3, '2022-02-02', '10:00:00', '12:00:00', 0),
(116, 706, 3, 12, 'SUMMER 2022', 'Modern poetry', 3, '2022-02-02', '10:00:00', '12:00:00', 0),
(117, 707, 3, 12, 'SUMMER 2022', 'Modern poetry', 3, '2022-02-02', '10:00:00', '12:00:00', 0),
(118, 708, 3, 12, 'SUMMER 2022', 'Modern poetry', 3, '2022-02-02', '10:00:00', '12:00:00', 0),
(119, 709, 3, 12, 'SUMMER 2022', 'Modern poetry', 3, '2022-02-02', '10:00:00', '12:00:00', 0),
(120, 710, 3, 12, 'SUMMER 2022', 'Modern poetry', 3, '2022-02-02', '10:00:00', '12:00:00', 0),
(121, 671, 3, 12, 'SUMMER 2022', 'Modern drama', 1, '2022-02-05', '09:00:00', '11:00:00', 0),
(122, 672, 3, 12, 'SUMMER 2022', 'Modern drama', 1, '2022-02-05', '09:00:00', '11:00:00', 0),
(123, 673, 3, 12, 'SUMMER 2022', 'Modern drama', 1, '2022-02-05', '09:00:00', '11:00:00', 0),
(124, 674, 3, 12, 'SUMMER 2022', 'Modern drama', 1, '2022-02-05', '09:00:00', '11:00:00', 0),
(125, 675, 3, 12, 'SUMMER 2022', 'Modern drama', 1, '2022-02-05', '09:00:00', '11:00:00', 0),
(126, 676, 3, 12, 'SUMMER 2022', 'Modern drama', 1, '2022-02-05', '09:00:00', '11:00:00', 0),
(127, 677, 3, 12, 'SUMMER 2022', 'Modern drama', 1, '2022-02-05', '09:00:00', '11:00:00', 0),
(128, 678, 3, 12, 'SUMMER 2022', 'Modern drama', 1, '2022-02-05', '09:00:00', '11:00:00', 0),
(129, 679, 3, 12, 'SUMMER 2022', 'Modern drama', 1, '2022-02-05', '09:00:00', '11:00:00', 0),
(130, 680, 3, 12, 'SUMMER 2022', 'Modern drama', 1, '2022-02-05', '09:00:00', '11:00:00', 0),
(131, 681, 3, 12, 'SUMMER 2022', 'Modern drama', 1, '2022-02-05', '09:00:00', '11:00:00', 0),
(132, 682, 3, 12, 'SUMMER 2022', 'Modern drama', 1, '2022-02-05', '09:00:00', '11:00:00', 0),
(133, 683, 3, 12, 'SUMMER 2022', 'Modern drama', 1, '2022-02-05', '09:00:00', '11:00:00', 0),
(134, 684, 3, 12, 'SUMMER 2022', 'Modern drama', 1, '2022-02-05', '09:00:00', '11:00:00', 0),
(135, 685, 3, 12, 'SUMMER 2022', 'Modern drama', 1, '2022-02-05', '09:00:00', '11:00:00', 0),
(136, 686, 3, 12, 'SUMMER 2022', 'Modern drama', 1, '2022-02-05', '09:00:00', '11:00:00', 0),
(137, 687, 3, 12, 'SUMMER 2022', 'Modern drama', 1, '2022-02-05', '09:00:00', '11:00:00', 0),
(138, 688, 3, 12, 'SUMMER 2022', 'Modern drama', 1, '2022-02-05', '09:00:00', '11:00:00', 0),
(139, 689, 3, 12, 'SUMMER 2022', 'Modern drama', 1, '2022-02-05', '09:00:00', '11:00:00', 0),
(140, 690, 3, 12, 'SUMMER 2022', 'Modern drama', 1, '2022-02-05', '09:00:00', '11:00:00', 0),
(141, 651, 3, 12, 'SUMMER 2022', 'Modern drama', 2, '2022-02-05', '09:00:00', '11:00:00', 0),
(142, 652, 3, 12, 'SUMMER 2022', 'Modern drama', 2, '2022-02-05', '09:00:00', '11:00:00', 0),
(143, 653, 3, 12, 'SUMMER 2022', 'Modern drama', 2, '2022-02-05', '09:00:00', '11:00:00', 0),
(144, 654, 3, 12, 'SUMMER 2022', 'Modern drama', 2, '2022-02-05', '09:00:00', '11:00:00', 0),
(145, 655, 3, 12, 'SUMMER 2022', 'Modern drama', 2, '2022-02-05', '09:00:00', '11:00:00', 0),
(146, 656, 3, 12, 'SUMMER 2022', 'Modern drama', 2, '2022-02-05', '09:00:00', '11:00:00', 0),
(147, 657, 3, 12, 'SUMMER 2022', 'Modern drama', 2, '2022-02-05', '09:00:00', '11:00:00', 0),
(148, 658, 3, 12, 'SUMMER 2022', 'Modern drama', 2, '2022-02-05', '09:00:00', '11:00:00', 0),
(149, 659, 3, 12, 'SUMMER 2022', 'Modern drama', 2, '2022-02-05', '09:00:00', '11:00:00', 0),
(150, 660, 3, 12, 'SUMMER 2022', 'Modern drama', 2, '2022-02-05', '09:00:00', '11:00:00', 0),
(151, 661, 3, 12, 'SUMMER 2022', 'Modern drama', 2, '2022-02-05', '09:00:00', '11:00:00', 0),
(152, 662, 3, 12, 'SUMMER 2022', 'Modern drama', 2, '2022-02-05', '09:00:00', '11:00:00', 0),
(153, 663, 3, 12, 'SUMMER 2022', 'Modern drama', 2, '2022-02-05', '09:00:00', '11:00:00', 0),
(154, 664, 3, 12, 'SUMMER 2022', 'Modern drama', 2, '2022-02-05', '09:00:00', '11:00:00', 0),
(155, 665, 3, 12, 'SUMMER 2022', 'Modern drama', 2, '2022-02-05', '09:00:00', '11:00:00', 0),
(156, 666, 3, 12, 'SUMMER 2022', 'Modern drama', 2, '2022-02-05', '09:00:00', '11:00:00', 0),
(157, 667, 3, 12, 'SUMMER 2022', 'Modern drama', 2, '2022-02-05', '09:00:00', '11:00:00', 0),
(158, 668, 3, 12, 'SUMMER 2022', 'Modern drama', 2, '2022-02-05', '09:00:00', '11:00:00', 0),
(159, 669, 3, 12, 'SUMMER 2022', 'Modern drama', 2, '2022-02-05', '09:00:00', '11:00:00', 0),
(160, 670, 3, 12, 'SUMMER 2022', 'Modern drama', 2, '2022-02-05', '09:00:00', '11:00:00', 0),
(161, 691, 3, 12, 'SUMMER 2022', 'Modern drama', 4, '2022-02-05', '09:00:00', '11:00:00', 0),
(162, 692, 3, 12, 'SUMMER 2022', 'Modern drama', 4, '2022-02-05', '09:00:00', '11:00:00', 0),
(163, 693, 3, 12, 'SUMMER 2022', 'Modern drama', 4, '2022-02-05', '09:00:00', '11:00:00', 0),
(164, 694, 3, 12, 'SUMMER 2022', 'Modern drama', 4, '2022-02-05', '09:00:00', '11:00:00', 0),
(165, 695, 3, 12, 'SUMMER 2022', 'Modern drama', 4, '2022-02-05', '09:00:00', '11:00:00', 0),
(166, 696, 3, 12, 'SUMMER 2022', 'Modern drama', 4, '2022-02-05', '09:00:00', '11:00:00', 0),
(167, 697, 3, 12, 'SUMMER 2022', 'Modern drama', 4, '2022-02-05', '09:00:00', '11:00:00', 0),
(168, 698, 3, 12, 'SUMMER 2022', 'Modern drama', 4, '2022-02-05', '09:00:00', '11:00:00', 0),
(169, 699, 3, 12, 'SUMMER 2022', 'Modern drama', 4, '2022-02-05', '09:00:00', '11:00:00', 0),
(170, 700, 3, 12, 'SUMMER 2022', 'Modern drama', 4, '2022-02-05', '09:00:00', '11:00:00', 0),
(171, 701, 3, 12, 'SUMMER 2022', 'Modern drama', 4, '2022-02-05', '09:00:00', '11:00:00', 0),
(172, 702, 3, 12, 'SUMMER 2022', 'Modern drama', 4, '2022-02-05', '09:00:00', '11:00:00', 0),
(173, 703, 3, 12, 'SUMMER 2022', 'Modern drama', 4, '2022-02-05', '09:00:00', '11:00:00', 0),
(174, 704, 3, 12, 'SUMMER 2022', 'Modern drama', 4, '2022-02-05', '09:00:00', '11:00:00', 0),
(175, 705, 3, 12, 'SUMMER 2022', 'Modern drama', 4, '2022-02-05', '09:00:00', '11:00:00', 0),
(176, 706, 3, 12, 'SUMMER 2022', 'Modern drama', 4, '2022-02-05', '09:00:00', '11:00:00', 0),
(177, 707, 3, 12, 'SUMMER 2022', 'Modern drama', 4, '2022-02-05', '09:00:00', '11:00:00', 0),
(178, 708, 3, 12, 'SUMMER 2022', 'Modern drama', 4, '2022-02-05', '09:00:00', '11:00:00', 0),
(179, 709, 3, 12, 'SUMMER 2022', 'Modern drama', 4, '2022-02-05', '09:00:00', '11:00:00', 0),
(180, 710, 3, 12, 'SUMMER 2022', 'Modern drama', 4, '2022-02-05', '09:00:00', '11:00:00', 0),
(181, 691, 3, 12, 'SUMMER 2022', 'Modern English', 1, '2022-02-07', '14:08:00', '17:59:00', 0),
(182, 692, 3, 12, 'SUMMER 2022', 'Modern English', 1, '2022-02-07', '14:08:00', '17:59:00', 0),
(183, 693, 3, 12, 'SUMMER 2022', 'Modern English', 1, '2022-02-07', '14:08:00', '17:59:00', 0),
(184, 694, 3, 12, 'SUMMER 2022', 'Modern English', 1, '2022-02-07', '14:08:00', '17:59:00', 0),
(185, 695, 3, 12, 'SUMMER 2022', 'Modern English', 1, '2022-02-07', '14:08:00', '17:59:00', 0),
(186, 696, 3, 12, 'SUMMER 2022', 'Modern English', 1, '2022-02-07', '14:08:00', '17:59:00', 0),
(187, 697, 3, 12, 'SUMMER 2022', 'Modern English', 1, '2022-02-07', '14:08:00', '17:59:00', 0),
(188, 698, 3, 12, 'SUMMER 2022', 'Modern English', 1, '2022-02-07', '14:08:00', '17:59:00', 0),
(189, 699, 3, 12, 'SUMMER 2022', 'Modern English', 1, '2022-02-07', '14:08:00', '17:59:00', 0),
(190, 700, 3, 12, 'SUMMER 2022', 'Modern English', 1, '2022-02-07', '14:08:00', '17:59:00', 0),
(191, 701, 3, 12, 'SUMMER 2022', 'Modern English', 1, '2022-02-07', '14:08:00', '17:59:00', 0),
(192, 702, 3, 12, 'SUMMER 2022', 'Modern English', 1, '2022-02-07', '14:08:00', '17:59:00', 0),
(193, 703, 3, 12, 'SUMMER 2022', 'Modern English', 1, '2022-02-07', '14:08:00', '17:59:00', 0),
(194, 704, 3, 12, 'SUMMER 2022', 'Modern English', 1, '2022-02-07', '14:08:00', '17:59:00', 0),
(195, 705, 3, 12, 'SUMMER 2022', 'Modern English', 1, '2022-02-07', '14:08:00', '17:59:00', 0),
(196, 706, 3, 12, 'SUMMER 2022', 'Modern English', 1, '2022-02-07', '14:08:00', '17:59:00', 0),
(197, 707, 3, 12, 'SUMMER 2022', 'Modern English', 1, '2022-02-07', '14:08:00', '17:59:00', 0),
(198, 708, 3, 12, 'SUMMER 2022', 'Modern English', 1, '2022-02-07', '14:08:00', '17:59:00', 0),
(199, 709, 3, 12, 'SUMMER 2022', 'Modern English', 1, '2022-02-07', '14:08:00', '17:59:00', 0),
(200, 710, 3, 12, 'SUMMER 2022', 'Modern English', 1, '2022-02-07', '14:08:00', '17:59:00', 0),
(201, 651, 3, 12, 'SUMMER 2022', 'Modern English', 3, '2022-02-07', '14:08:00', '17:59:00', 0),
(202, 652, 3, 12, 'SUMMER 2022', 'Modern English', 3, '2022-02-07', '14:08:00', '17:59:00', 0),
(203, 653, 3, 12, 'SUMMER 2022', 'Modern English', 3, '2022-02-07', '14:08:00', '17:59:00', 0),
(204, 654, 3, 12, 'SUMMER 2022', 'Modern English', 3, '2022-02-07', '14:08:00', '17:59:00', 0),
(205, 655, 3, 12, 'SUMMER 2022', 'Modern English', 3, '2022-02-07', '14:08:00', '17:59:00', 0),
(206, 656, 3, 12, 'SUMMER 2022', 'Modern English', 3, '2022-02-07', '14:08:00', '17:59:00', 0),
(207, 657, 3, 12, 'SUMMER 2022', 'Modern English', 3, '2022-02-07', '14:08:00', '17:59:00', 0),
(208, 658, 3, 12, 'SUMMER 2022', 'Modern English', 3, '2022-02-07', '14:08:00', '17:59:00', 0),
(209, 659, 3, 12, 'SUMMER 2022', 'Modern English', 3, '2022-02-07', '14:08:00', '17:59:00', 0),
(210, 660, 3, 12, 'SUMMER 2022', 'Modern English', 3, '2022-02-07', '14:08:00', '17:59:00', 0),
(211, 661, 3, 12, 'SUMMER 2022', 'Modern English', 3, '2022-02-07', '14:08:00', '17:59:00', 0),
(212, 662, 3, 12, 'SUMMER 2022', 'Modern English', 3, '2022-02-07', '14:08:00', '17:59:00', 0),
(213, 663, 3, 12, 'SUMMER 2022', 'Modern English', 3, '2022-02-07', '14:08:00', '17:59:00', 0),
(214, 664, 3, 12, 'SUMMER 2022', 'Modern English', 3, '2022-02-07', '14:08:00', '17:59:00', 0),
(215, 665, 3, 12, 'SUMMER 2022', 'Modern English', 3, '2022-02-07', '14:08:00', '17:59:00', 0),
(216, 666, 3, 12, 'SUMMER 2022', 'Modern English', 3, '2022-02-07', '14:08:00', '17:59:00', 0),
(217, 667, 3, 12, 'SUMMER 2022', 'Modern English', 3, '2022-02-07', '14:08:00', '17:59:00', 0),
(218, 668, 3, 12, 'SUMMER 2022', 'Modern English', 3, '2022-02-07', '14:08:00', '17:59:00', 0),
(219, 669, 3, 12, 'SUMMER 2022', 'Modern English', 3, '2022-02-07', '14:08:00', '17:59:00', 0),
(220, 670, 3, 12, 'SUMMER 2022', 'Modern English', 3, '2022-02-07', '14:08:00', '17:59:00', 0),
(221, 671, 3, 12, 'SUMMER 2022', 'Modern English', 4, '2022-02-07', '14:08:00', '17:59:00', 0),
(222, 672, 3, 12, 'SUMMER 2022', 'Modern English', 4, '2022-02-07', '14:08:00', '17:59:00', 0),
(223, 673, 3, 12, 'SUMMER 2022', 'Modern English', 4, '2022-02-07', '14:08:00', '17:59:00', 0),
(224, 674, 3, 12, 'SUMMER 2022', 'Modern English', 4, '2022-02-07', '14:08:00', '17:59:00', 0),
(225, 675, 3, 12, 'SUMMER 2022', 'Modern English', 4, '2022-02-07', '14:08:00', '17:59:00', 0),
(226, 676, 3, 12, 'SUMMER 2022', 'Modern English', 4, '2022-02-07', '14:08:00', '17:59:00', 0),
(227, 677, 3, 12, 'SUMMER 2022', 'Modern English', 4, '2022-02-07', '14:08:00', '17:59:00', 0),
(228, 678, 3, 12, 'SUMMER 2022', 'Modern English', 4, '2022-02-07', '14:08:00', '17:59:00', 0),
(229, 679, 3, 12, 'SUMMER 2022', 'Modern English', 4, '2022-02-07', '14:08:00', '17:59:00', 0),
(230, 680, 3, 12, 'SUMMER 2022', 'Modern English', 4, '2022-02-07', '14:08:00', '17:59:00', 0),
(231, 681, 3, 12, 'SUMMER 2022', 'Modern English', 4, '2022-02-07', '14:08:00', '17:59:00', 0),
(232, 682, 3, 12, 'SUMMER 2022', 'Modern English', 4, '2022-02-07', '14:08:00', '17:59:00', 0),
(233, 683, 3, 12, 'SUMMER 2022', 'Modern English', 4, '2022-02-07', '14:08:00', '17:59:00', 0),
(234, 684, 3, 12, 'SUMMER 2022', 'Modern English', 4, '2022-02-07', '14:08:00', '17:59:00', 0),
(235, 685, 3, 12, 'SUMMER 2022', 'Modern English', 4, '2022-02-07', '14:08:00', '17:59:00', 0),
(236, 686, 3, 12, 'SUMMER 2022', 'Modern English', 4, '2022-02-07', '14:08:00', '17:59:00', 0),
(237, 687, 3, 12, 'SUMMER 2022', 'Modern English', 4, '2022-02-07', '14:08:00', '17:59:00', 0),
(238, 688, 3, 12, 'SUMMER 2022', 'Modern English', 4, '2022-02-07', '14:08:00', '17:59:00', 0),
(239, 689, 3, 12, 'SUMMER 2022', 'Modern English', 4, '2022-02-07', '14:08:00', '17:59:00', 0),
(240, 690, 3, 12, 'SUMMER 2022', 'Modern English', 4, '2022-02-07', '14:08:00', '17:59:00', 0);

-- --------------------------------------------------------

--
-- Table structure for table `tbprofile`
--

CREATE TABLE `tbprofile` (
  `user_id` bigint(20) NOT NULL,
  `user_name` text,
  `email` text,
  `encpass` text,
  `id` text,
  `image` text,
  `user_type` text,
  `code` text,
  `status` bigint(20) NOT NULL DEFAULT '0',
  `created_on` text
) ENGINE=InnoDB DEFAULT CHARSET=latin1;

--
-- Dumping data for table `tbprofile`
--

INSERT INTO `tbprofile` (`user_id`, `user_name`, `email`, `encpass`, `id`, `image`, `user_type`, `code`, `status`, `created_on`) VALUES
(39, 'Abir ', 'abir.ctg97@gmail.com', '202cb962ac59075b964b07152d234b70', 'nodex', '', 'moderator', '906477', 1, '2021-12-26 22:37:43'),
(219, 'MRS. TAOFICA AMRINE', 'taoficaamrine@gmail.com', '202cb962ac59075b964b07152d234b70', NULL, NULL, 'teacher', NULL, 0, NULL),
(220, 'MUHAMMAD ANWARUL AZIM', 'anwarulazim@gmail.com', '202cb962ac59075b964b07152d234b70', NULL, NULL, 'teacher', NULL, 0, NULL),
(221, 'SOWMITRA DAS', 'sowmitra_das@gmail.com', '202cb962ac59075b964b07152d234b70', NULL, NULL, 'teacher', NULL, 0, NULL),
(222, 'MANOARA BEGUM', 'manoara_begum@gmail.com', '202cb962ac59075b964b07152d234b70', NULL, NULL, 'teacher', NULL, 0, NULL),
(223, 'TASLIMA BINTE HOSSAIN', 'taslima_binte@gmail.com', '202cb962ac59075b964b07152d234b70', NULL, NULL, 'teacher', NULL, 0, NULL),
(224, 'FARZINA AKTHER', 'farzina_akther@gmail.com', '202cb962ac59075b964b07152d234b70', NULL, NULL, 'teacher', NULL, 0, NULL),
(225, 'ABDUR RAHMAN', 'abdur_rahman@gmail.com', '202cb962ac59075b964b07152d234b70', NULL, NULL, 'teacher', NULL, 0, NULL),
(226, 'MOHAMMED MORSHED RANA', 'mohammed@gmail.com', '202cb962ac59075b964b07152d234b70', NULL, NULL, 'teacher', NULL, 0, NULL),
(227, 'RABEYA SADIA', 'rabeya_sadia@gmail.com', '202cb962ac59075b964b07152d234b70', NULL, NULL, 'teacher', NULL, 0, NULL),
(228, 'MS. TAHMINA AKTHER', '_tahmina_akther@gmail.com', '202cb962ac59075b964b07152d234b70', NULL, NULL, 'teacher', NULL, 0, NULL),
(229, 'UMMA SAIMA RAHMAN', 'umma_saima@gmail.com', '202cb962ac59075b964b07152d234b70', NULL, NULL, 'teacher', NULL, 0, NULL),
(230, 'MD. MUHTADIR RAHMAN', 'muhtarahman@gmail.com', '202cb962ac59075b964b07152d234b70', NULL, NULL, 'teacher', NULL, 0, NULL),
(231, 'FARIHA TAHSIN CHOWDHURY', 'farihatahsin@gmail.com', '202cb962ac59075b964b07152d234b70', NULL, NULL, 'teacher', NULL, 0, NULL),
(232, 'MUMTAHINA AHMED', 'mumtahina@gmail.com', '202cb962ac59075b964b07152d234b70', NULL, NULL, 'teacher', NULL, 0, NULL),
(233, 'SOURAV ADHIKARY', 'sourav@gmail.com', '202cb962ac59075b964b07152d234b70', NULL, NULL, 'teacher', NULL, 0, NULL),
(234, 'SWARUP CHAKRABORTY', 'swarup@gmail.com', '202cb962ac59075b964b07152d234b70', NULL, NULL, 'teacher', NULL, 0, NULL),
(235, 'MD.SAHIDUR RAHMAN', 'sahidur@gmail.com_', '123', NULL, NULL, 'teacher', NULL, 0, NULL),
(236, 'MD. FOKHRUL ISLAM', 'md._fokhrul@gmail.com', '123', NULL, NULL, 'teacher', NULL, 0, NULL),
(237, 'SULTANUS SALEHIN', 'salehin@gmail.com', '123', NULL, NULL, 'teacher', NULL, 0, NULL),
(238, 'ZILLUR RAHMAN', 'zillur@gmail.com', '123', NULL, NULL, 'teacher', NULL, 0, NULL),
(239, 'MUHAMMAD RIDWANUR RAHIM', 'ridwanur_rahim@gmail.com', '123', NULL, NULL, 'teacher', NULL, 0, NULL),
(240, 'NUZAER OMAR', 'nuzaeromar@gmail.com', '123', NULL, NULL, 'teacher', NULL, 0, NULL),
(241, 'MONISHA DEY', 'monishadey@gmail.com', '123', NULL, NULL, 'teacher', NULL, 0, NULL),
(242, 'MD. SOHAG MIA', 'sohag_mia@gmail.com', '123', NULL, NULL, 'teacher', NULL, 0, NULL),
(243, 'SHAHRIN AKTER', 'shahrinakter@gmail.com', '123', NULL, NULL, 'teacher', NULL, 0, NULL),
(244, 'PRITHWI CHOWDHURY', 'prithwi@gmail.com', '123', NULL, NULL, 'teacher', NULL, 0, NULL),
(245, 'RAISUL ISMAIL APON', 'raisul@gmail.com', '123', NULL, NULL, 'teacher', NULL, 0, NULL),
(246, 'PIASH CHOWDHURY', 'piashchow@gmail.com', '123', NULL, NULL, 'teacher', NULL, 0, NULL),
(247, 'MD. ANISUR RAHMAN', 'anisur_rahman@gmail.com', '123', NULL, NULL, 'teacher', NULL, 0, NULL),
(248, 'MD. MANJURUL GANI', '_manjurul_gani@gmail.com', '123', NULL, NULL, 'teacher', NULL, 0, NULL),
(249, 'A S M IFTEKARUL AZAM', 'a_s_m_iftekarul_azam', '123', NULL, NULL, 'teacher', NULL, 0, NULL),
(250, 'FAHAMIDA AKTER', 'fahamida@gmail.com', '123', NULL, NULL, 'teacher', NULL, 0, NULL),
(251, 'MUHAMMAD ISHTIAQ', 'muhamadishtia@gmail.com', '123', NULL, NULL, 'teacher', NULL, 0, NULL),
(252, 'PRIYANKA MUHURY', 'priyanka@gmail.com', '123', NULL, NULL, 'teacher', NULL, 0, NULL),
(253, 'MS. SADATUN NESSA', 'sadatun_nessa@gmail.com', '123', NULL, NULL, 'teacher', NULL, 0, NULL),
(254, 'MS.ASMA YASMIN', 'asmayasmin@gmail.com', '123', NULL, NULL, 'teacher', NULL, 0, NULL),
(255, 'MS. ZENIFAR RAHMAN', 'zenifar_rahman@gmail.com', '123', NULL, NULL, 'teacher', NULL, 0, NULL),
(256, 'BITHY SAHA', 'bithy_saha@gmail.com', '123', NULL, NULL, 'teacher', NULL, 0, NULL),
(257, 'SUBRINA KAMAL', 'subrina@gmail.com', '123', NULL, NULL, 'teacher', NULL, 0, NULL),
(258, 'MS.ROWNAK JAHAN', 'rownak@gmail.com', '123', NULL, NULL, 'teacher', NULL, 0, NULL),
(259, 'MARUFUL ALAM', 'maruful@gmail.com', '123', NULL, NULL, 'teacher', NULL, 0, NULL),
(260, 'ULLAH BHUIYAN', 'ulla@gmail.com', '123', NULL, NULL, 'teacher', NULL, 0, NULL),
(261, 'RASHED KHAN MILON', 'rashed_khan@gmail.com', '123', NULL, NULL, 'teacher', NULL, 0, NULL),
(262, 'RAYHANA FATEMA ', 'rayhana@gmail.com', '123', NULL, NULL, 'teacher', NULL, 0, NULL),
(263, 'MR. AHMED HAROON ', 'ahmed_haroon@gmail.com', '123', NULL, NULL, 'teacher', NULL, 0, NULL),
(443, 'Wahed  Orpon', 'Wahed1@gmail.com', '202cb962ac59075b964b07152d234b70', 'CSE01506411', NULL, 'Student', NULL, 0, NULL),
(444, 'Ajoy Sen', 'Aj12@gmail.com', '202cb962ac59075b964b07152d234b71', 'CSE01506412', NULL, 'Student', NULL, 0, NULL),
(445, 'Shahariar Sohan', 'Sha33@gmail.com', '202cb962ac59075b964b07152d234b72', 'CSE01506413', NULL, 'Student', NULL, 0, NULL),
(446, 'Biplob Basak', 'Biplob1@gmail.com', '202cb962ac59075b964b07152d234b73', 'CSE01506414', NULL, 'Student', NULL, 0, NULL),
(447, 'Osman Sakib', 'Osm@gmail.com', '202cb962ac59075b964b07152d234b74', 'CSE01506415', NULL, 'Student', NULL, 0, NULL),
(448, 'Mou Chowdhury', 'Mou12@gmail.com', '202cb962ac59075b964b07152d234b75', 'CSE01506416', NULL, 'Student', NULL, 0, NULL),
(449, 'Shahadat Sanju', 'Shahadat.Sanju@gmail.com', '202cb962ac59075b964b07152d234b76', 'CSE01506417', NULL, 'Student', NULL, 0, NULL),
(450, 'Anvi Nur ', 'Anvi.Nur@gmail.com', '202cb962ac59075b964b07152d234b77', 'CSE01506418', NULL, 'Student', NULL, 0, NULL),
(451, 'Md Aziz', 'Md.Aziz@gmail.com', '202cb962ac59075b964b07152d234b78', 'CSE01506419', NULL, 'Student', NULL, 0, NULL),
(452, 'Md Shahed Abdullah', 'Md.Shahed@gmail.com', '202cb962ac59075b964b07152d234b79', 'CSE01506420', NULL, 'Student', NULL, 0, NULL),
(453, 'Faridul Alam Sohel', 'Faridul@gmail.com', '202cb962ac59075b964b07152d234b80', 'CSE01506421', NULL, 'Student', NULL, 0, NULL),
(454, 'AR Parvez', 'AR.Parvez@gmail.com', '202cb962ac59075b964b07152d234b81', 'CSE01506422', NULL, 'Student', NULL, 0, NULL),
(455, 'Samanjana Chy', 'Samanjana.Chy@gmail.com', '202cb962ac59075b964b07152d234b82', 'CSE01506423', NULL, 'Student', NULL, 0, NULL),
(456, 'Dilruba Oyshi', 'Dilruba.Oyshi@gmail.com', '202cb962ac59075b964b07152d234b83', 'CSE01506424', NULL, 'Student', NULL, 0, NULL),
(457, 'Maruf Rahman', 'Maruf.Rahman@gmail.com', '202cb962ac59075b964b07152d234b84', 'CSE01506425', NULL, 'Student', NULL, 0, NULL),
(458, ' Ahamed Sakib', '.Ahamed.Sakib@gmail.com', '202cb962ac59075b964b07152d234b85', 'CSE01506426', NULL, 'Student', NULL, 0, NULL),
(459, 'Ratul Barua', 'ratul420@gmail.com', '202cb962ac59075b964b07152d234b86', 'CSE01506427', NULL, 'Student', NULL, 0, NULL),
(460, 'Maruful Islam', 'Maruful.Islam@gmail.com', '202cb962ac59075b964b07152d234b87', 'CSE01506428', NULL, 'Student', NULL, 0, NULL),
(461, 'Masokul Alam', 'Masokul.Alam@gmail.com', '202cb962ac59075b964b07152d234b88', 'CSE01506429', NULL, 'Student', NULL, 0, NULL),
(462, 'Masokul Alam', 'Masokul.Alam@gmail.com', '202cb962ac59075b964b07152d234b89', 'CSE01506430', NULL, 'Student', NULL, 0, NULL),
(463, 'Sanyat Ahmed', 'Sanyat.Ahmed@gmail.com', '202cb962ac59075b964b07152d234b90', 'CSE01506431', NULL, 'Student', NULL, 0, NULL),
(464, 'Nuruddin Kawsar', 'Nuruddin.Kawsar@gmail.com', '202cb962ac59075b964b07152d234b91', 'CSE01506432', NULL, 'Student', NULL, 0, NULL),
(465, 'AB Akash', 'AB.Akash@gmail.com', '202cb962ac59075b964b07152d234b92', 'CSE01506433', NULL, 'Student', NULL, 0, NULL),
(466, 'Kausar Shajed', 'Kausar.Shajed@gmail.com', '202cb962ac59075b964b07152d234b93', 'CSE01506434', NULL, 'Student', NULL, 0, NULL),
(467, 'Ahmed Sakib', 'Ahmed.Sakib@gmail.com', '202cb962ac59075b964b07152d234b94', 'CSE01506435', NULL, 'Student', NULL, 0, NULL),
(468, 'Sajjadul Alam', 'Sajjadul.Alam@gmail.com', '202cb962ac59075b964b07152d234b95', 'CSE01506436', NULL, 'Student', NULL, 0, NULL),
(469, 'Minhaz Uddin', 'Minhaz.Uddin@gmail.com', '202cb962ac59075b964b07152d234b96', 'CSE01506437', NULL, 'Student', NULL, 0, NULL),
(470, 'Mahbubul Alam', 'Mahbubul.Alam@gmail.com', '202cb962ac59075b964b07152d234b97', 'CSE01506438', NULL, 'Student', NULL, 0, NULL),
(471, 'Rokibul Hasan', 'Rokibul.Hasan@gmail.com', '202cb962ac59075b964b07152d234b98', 'CSE01506439', NULL, 'Student', NULL, 0, NULL),
(472, 'Md. Maherab ', 'Md..Maherab@gmail.com.', '202cb962ac59075b964b07152d234b99', 'CSE01506429', NULL, 'Student', NULL, 0, NULL),
(473, 'Mehedi Hasan ', 'Mehedi.Hasan@gmail.com.', '202cb962ac59075b964b07152d234b100', 'CSE01506430', NULL, 'Student', NULL, 0, NULL),
(474, 'Hosen M Sha', 'Hosen.M@gmail.com', '202cb962ac59075b964b07152d234b101', 'CSE01506431', NULL, 'Student', NULL, 0, NULL),
(475, 'MD Didarul ', 'MD.Didarul@gmail.com.', '202cb962ac59075b964b07152d234b102', 'CSE01506432', NULL, 'Student', NULL, 0, NULL),
(476, 'Rabiol Amin', 'Rabiol.Amin@gmail.com', '202cb962ac59075b964b07152d234b103', 'CSE01506433', NULL, 'Student', NULL, 0, NULL),
(477, 'Shuva Deb Nath', 'Shuva.Deb@gmail.com', '202cb962ac59075b964b07152d234b104', 'CSE01506434', NULL, 'Student', NULL, 0, NULL),
(478, 'Shazzad Hossen', 'Shazzad.Hossen@gmail.com', '202cb962ac59075b964b07152d234b105', 'CSE01506435', NULL, 'Student', NULL, 0, NULL),
(479, 'Sanjida Rahman', 'Sanjida.Rahman@gmail.com', '202cb962ac59075b964b07152d234b106', 'CSE01506436', NULL, 'Student', NULL, 0, NULL),
(480, 'MD Majaharul ', 'MD.Majaharul@gmail.com.', '202cb962ac59075b964b07152d234b107', 'CSE01506437', NULL, 'Student', NULL, 0, NULL),
(481, 'Imran Mohammad ', 'Imran.Mohammad@gmail.com.', '202cb962ac59075b964b07152d234b108', 'CSE01506438', NULL, 'Student', NULL, 0, NULL),
(482, 'Tahmina Akter', 'Tahmina.Akter@gmail.com', '202cb962ac59075b964b07152d234b109', 'CSE01506439', NULL, 'Student', NULL, 0, NULL),
(483, 'SH Sohel', 'SH.Sohel@gmail.com', '202cb962ac59075b964b07152d234b110', 'CSE01506440', NULL, 'Student', NULL, 0, NULL),
(484, 'Wahed  Orpon', 'Wahed..Orpon@gmail.com', '202cb962ac59075b964b07152d234b111', 'CSE01506441', NULL, 'Student', NULL, 0, NULL),
(485, 'Ajoy Sen', 'Ajoy.Sen@gmail.com', '202cb962ac59075b964b07152d234b112', 'CSE01506442', NULL, 'Student', NULL, 0, NULL),
(486, 'Shahariar Sohan', 'Shahariar.Sohan@gmail.com', '202cb962ac59075b964b07152d234b113', 'CSE01506443', NULL, 'Student', NULL, 0, NULL),
(487, 'Biplob Basak', 'Biplob.Basak@gmail.com', '202cb962ac59075b964b07152d234b114', 'CSE01506444', NULL, 'Student', NULL, 0, NULL),
(488, 'Osman Sakib', 'Osman.Sakib@gmail.com', '202cb962ac59075b964b07152d234b115', 'CSE01506445', NULL, 'Student', NULL, 0, NULL),
(489, 'Mou Chowdhury', 'Mou.Chowdhury@gmail.com', '202cb962ac59075b964b07152d234b116', 'CSE01506446', NULL, 'Student', NULL, 0, NULL),
(490, 'Shahadat Sanju', 'Shahadat.Sanju@gmail.com', '202cb962ac59075b964b07152d234b117', 'CSE01606447', NULL, 'Student', NULL, 0, NULL),
(491, 'Anvi Nur ', 'Anvi.Nur@gmail.com.', '202cb962ac59075b964b07152d234b118', 'CSE01606448', NULL, 'Student', NULL, 0, NULL),
(492, 'Md Aziz', 'Md.Aziz@gmail.com', '202cb962ac59075b964b07152d234b119', 'CSE01606449', NULL, 'Student', NULL, 0, NULL),
(493, 'Md Shahed Abdullah', 'Md.Shahed@gmail.com', '202cb962ac59075b964b07152d234b120', 'CSE01606450', NULL, 'Student', NULL, 0, NULL),
(494, 'Faridul Alam Sohel', 'Faridul.Alam.@gmail.com', '202cb962ac59075b964b07152d234b121', 'CSE01606451', NULL, 'Student', NULL, 0, NULL),
(495, 'AR Parvez', 'AR.Parvez@gmail.com', '202cb962ac59075b964b07152d234b122', 'CSE01606452', NULL, 'Student', NULL, 0, NULL),
(496, ' Morshed Rana', '.Morshed.Rana@gmail.com', '202cb962ac59075b964b07152d234b123', 'CSE01606453', NULL, 'Student', NULL, 0, NULL),
(497, 'MD Parvez', 'MD.Parvez@gmail.com', '202cb962ac59075b964b07152d234b124', 'CSE01606454', NULL, 'Student', NULL, 0, NULL),
(498, 'Sudipto Dutta', 'Sudipto.Dutta@gmail.com', '202cb962ac59075b964b07152d234b125', 'CSE01606455', NULL, 'Student', NULL, 0, NULL),
(499, 'MD Robel', 'MD.Robel@gmail.com', '202cb962ac59075b964b07152d234b126', 'CSE01606456', NULL, 'Student', NULL, 0, NULL),
(500, 'Shah Hassan', 'Shah.Hassan@gmail.com', '202cb962ac59075b964b07152d234b127', 'CSE01606457', NULL, 'Student', NULL, 0, NULL),
(501, 'Sudipto Dutta', 'Sudipto.Dutta@gmail.com', '202cb962ac59075b964b07152d234b128', 'CSE01606458', NULL, 'Student', NULL, 0, NULL),
(502, 'MD Robel', 'MD.Robel@gmail.com', '202cb962ac59075b964b07152d234b129', 'CSE01606459', NULL, 'Student', NULL, 0, NULL),
(503, 'Tanim Rahman', 'Tanim.Rahman@gmail.com', '202cb962ac59075b964b07152d234b130', 'CSE01606460', NULL, 'Student', NULL, 0, NULL),
(504, 'Shahana Hassan', 'Shahana.Hassan@gmail.com', '202cb962ac59075b964b07152d234b131', 'CSE01606461', NULL, 'Student', NULL, 0, NULL),
(505, 'Shafayet Abir', 'Shafayet.Abir@gmail.com', '202cb962ac59075b964b07152d234b132', 'CSE01606462', NULL, 'Student', NULL, 0, NULL),
(506, 'Somrat Rayhan', 'Somrat.Rayhan@gmail.com', '202cb962ac59075b964b07152d234b133', 'CSE01606463', NULL, 'Student', NULL, 0, NULL),
(507, 'Shahanaj Sarmin', 'Shahanaj.Sarmin@gmail.com', '202cb962ac59075b964b07152d234b134', 'CSE01606464', NULL, 'Student', NULL, 0, NULL),
(508, 'Diderul Alam', 'Diderul.Alam@gmail.com', '202cb962ac59075b964b07152d234b135', 'CSE01606465', NULL, 'Student', NULL, 0, NULL),
(509, 'Imteaz Rakib', 'Imteaz.Rakib@gmail.com', '202cb962ac59075b964b07152d234b136', 'CSE01606466', NULL, 'Student', NULL, 0, NULL),
(510, 'Zafor Ullah', 'Zafor.Ullah@gmail.com', '202cb962ac59075b964b07152d234b137', 'CSE01606467', NULL, 'Student', NULL, 0, NULL),
(511, 'Md Ahasan ', 'Md.Ahasan@gmail.com', '202cb962ac59075b964b07152d234b138', 'CSE01606468', NULL, 'Student', NULL, 0, NULL),
(512, 'Avi Nur', 'Avi.Nur@gmail.com', '202cb962ac59075b964b07152d234b139', 'CSE01606469', NULL, 'Student', NULL, 0, NULL),
(513, 'Nuru uddin', 'Nuru.uddin@gmail.com', '202cb962ac59075b964b07152d234b140', 'CSE01606470', NULL, 'Student', NULL, 0, NULL),
(514, 'Nila khan', 'Nila.khan@gmail.com', '202cb962ac59075b964b07152d234b141', 'CSE01606471', NULL, 'Student', NULL, 0, NULL),
(515, 'Jaheda sultana', 'Jaheda.sultana@gmail.com', '202cb962ac59075b964b07152d234b142', 'CSE01606472', NULL, 'Student', NULL, 0, NULL),
(516, 'Nirob shah ', 'Nirob.shah@gmail.com', '202cb962ac59075b964b07152d234b143', 'CSE01606473', NULL, 'Student', NULL, 0, NULL),
(517, 'Rahat Ali', 'Rahat.Ali@gmail.com', '202cb962ac59075b964b07152d234b144', 'CSE01606474', NULL, 'Student', NULL, 0, NULL),
(518, 'Zerin khan', 'Zerin.khan@gmail.com', '202cb962ac59075b964b07152d234b145', 'CSE01606475', NULL, 'Student', NULL, 0, NULL),
(519, 'Md Salman', 'Md.Salman@gmail.com', '202cb962ac59075b964b07152d234b146', 'CSE01606476', NULL, 'Student', NULL, 0, NULL),
(520, 'Avi Malik', 'Avi.Malik@gmail.com', '202cb962ac59075b964b07152d234b147', 'CSE01606477', NULL, 'Student', NULL, 0, NULL),
(521, 'Mithun Sutrodar', 'Mithun.Sutrodar@gmail.com', '202cb962ac59075b964b07152d234b148', 'EEE01506388', NULL, 'Student', NULL, 0, NULL),
(522, 'Zafor chy', 'Zafor.chy@gmail.com', '202cb962ac59075b964b07152d234b149', 'EEE01506389', NULL, 'Student', NULL, 0, NULL),
(523, 'Abir Chy', 'Abir.Chy@gmail.com', '202cb962ac59075b964b07152d234b150', 'EEE01506390', NULL, 'Student', NULL, 0, NULL),
(524, 'Arafat Ullah', 'Arafat.Ullah@gmail.com', '202cb962ac59075b964b07152d234b151', 'EEE01506391', NULL, 'Student', NULL, 0, NULL),
(525, 'Rehan khan', 'Rehan.khan@gmail.com', '202cb962ac59075b964b07152d234b152', 'EEE01506392', NULL, 'Student', NULL, 0, NULL),
(526, 'Rafat Khan', 'Rafat.Khan@gmail.com', '202cb962ac59075b964b07152d234b153', 'EEE01506393', NULL, 'Student', NULL, 0, NULL),
(527, 'Tanim khan', 'Tanim.khan@gmail.com', '202cb962ac59075b964b07152d234b154', 'EEE01506394', NULL, 'Student', NULL, 0, NULL),
(528, 'Tanim Iqbal', 'Tanim.Iqbal@gmail.com', '202cb962ac59075b964b07152d234b155', 'EEE01506395', NULL, 'Student', NULL, 0, NULL),
(529, 'Mohammed Eshan', 'Mohammed.Esh@gmail.com', '202cb962ac59075b964b07152d234b156', 'EEE01506396', NULL, 'Student', NULL, 0, NULL),
(530, 'Esahn Nirob', 'Esahn.Nirob@gmail.com', '202cb962ac59075b964b07152d234b157', 'EEE01506397', NULL, 'Student', NULL, 0, NULL),
(531, 'Md. Nirob', 'Md..Nirob@gmail.com', '202cb962ac59075b964b07152d234b158', 'EEE01506398', NULL, 'Student', NULL, 0, NULL),
(532, 'Ehan khan', 'Ehan.khan@gmail.com', '202cb962ac59075b964b07152d234b159', 'EEE01506399', NULL, 'Student', NULL, 0, NULL),
(533, 'Ehan Chy', 'Ehan.Chy@gmail.com', '202cb962ac59075b964b07152d234b160', 'EEE01506400', NULL, 'Student', NULL, 0, NULL),
(534, 'Shafayet sabab', 'Shafayet.sabab@gmail.com', '202cb962ac59075b964b07152d234b161', 'EEE01506401', NULL, 'Student', NULL, 0, NULL),
(535, 'Md Asad', 'Md.Asad@gmail.com', '202cb962ac59075b964b07152d234b162', 'EEE01506402', NULL, 'Student', NULL, 0, NULL),
(536, 'Asad Khan', 'Asad.Khan@gmail.com', '202cb962ac59075b964b07152d234b163', 'EEE01506403', NULL, 'Student', NULL, 0, NULL),
(537, 'Fariha Tahsin', 'Fariha.Tahsin@gmail.com', '202cb962ac59075b964b07152d234b164', 'EEE01506404', NULL, 'Student', NULL, 0, NULL),
(538, 'Feriha khan', 'Feriha.khan@gmail.com', '202cb962ac59075b964b07152d234b165', 'EEE01506405', NULL, 'Student', NULL, 0, NULL),
(539, 'Mintu ullah', 'Mintu.ullah@gmail.com', '202cb962ac59075b964b07152d234b166', 'EEE01506406', NULL, 'Student', NULL, 0, NULL),
(540, 'Rafat Parvez', 'Rafat.Parvez@gmail.com', '202cb962ac59075b964b07152d234b167', 'EEE01506407', NULL, 'Student', NULL, 0, NULL),
(541, 'Parvez Salman', 'Parvez.Salman@gmail.com', '202cb962ac59075b964b07152d234b168', 'EEE01506408', NULL, 'Student', NULL, 0, NULL),
(542, 'Rihat kader', 'Rihat.kader@gmail.com', '202cb962ac59075b964b07152d234b169', 'EEE01506409', NULL, 'Student', NULL, 0, NULL),
(543, 'Kader Mintu', 'Kader.Mintu@gmail.com', '202cb962ac59075b964b07152d234b170', 'EEE01506410', NULL, 'Student', NULL, 0, NULL),
(544, 'Mintu Mia', 'Mintu.Mia@gmail.com', '202cb962ac59075b964b07152d234b171', 'EEE01506411', NULL, 'Student', NULL, 0, NULL),
(545, 'Sharaf Nadim ', 'Sharaf.Nadim@gmail.com.', '202cb962ac59075b964b07152d234b172', 'EEE01506412', NULL, 'Student', NULL, 0, NULL),
(546, 'Nadim Monir', 'Nadim.Monir@gmail.com', '202cb962ac59075b964b07152d234b173', 'EEE01506413', NULL, 'Student', NULL, 0, NULL),
(547, 'Monir khan', 'Monir.khan@gmail.com', '202cb962ac59075b964b07152d234b174', 'EEE01506414', NULL, 'Student', NULL, 0, NULL),
(548, 'Rubi Sultana', 'Rubi.Sultana@gmail.com', '202cb962ac59075b964b07152d234b175', 'EEE01506415', NULL, 'Student', NULL, 0, NULL),
(549, 'Nipa Sultana', 'Nipa.Sultana@gmail.com', '202cb962ac59075b964b07152d234b176', 'EEE01506416', NULL, 'Student', NULL, 0, NULL),
(550, 'Sharmin khanom', 'Sharmin.khanom@gmail.com', '202cb962ac59075b964b07152d234b177', 'EEE01506417', NULL, 'Student', NULL, 0, NULL),
(551, 'Mariom Bibi', 'Mariom.Bibi@gmail.com', '202cb962ac59075b964b07152d234b178', 'EEE01506418', NULL, 'Student', NULL, 0, NULL),
(552, 'Fatema Rehman', 'Fatema.Rehman@gmail.com', '202cb962ac59075b964b07152d234b179', 'EEE01606419', NULL, 'Student', NULL, 0, NULL),
(553, 'Shuvho das', 'Shuvho.das@gmail.com', '202cb962ac59075b964b07152d234b180', 'EEE01606420', NULL, 'Student', NULL, 0, NULL),
(554, 'Pranto Shohel', 'Pranto.Shohel@gmail.com', '202cb962ac59075b964b07152d234b181', 'EEE01606421', NULL, 'Student', NULL, 0, NULL),
(555, 'Nirob Das', 'Nirob.Das@gmail.com', '202cb962ac59075b964b07152d234b182', 'EEE01606422', NULL, 'Student', NULL, 0, NULL),
(556, 'Utsho das', 'Utsho.das@gmail.com', '202cb962ac59075b964b07152d234b183', 'EEE01606423', NULL, 'Student', NULL, 0, NULL),
(557, 'Shuva Deb Nath', 'Shuva.Deb@gmail.com', '202cb962ac59075b964b07152d234b184', 'EEE01606424', NULL, 'Student', NULL, 0, NULL),
(558, 'Manoara Moon', 'Manoara.Moon@gmail.com', '202cb962ac59075b964b07152d234b185', 'EEE01606425', NULL, 'Student', NULL, 0, NULL),
(559, 'Monoara begum ', 'Monoara.begum@gmail.com.', '202cb962ac59075b964b07152d234b186', 'EEE01606426', NULL, 'Student', NULL, 0, NULL),
(560, 'Sultan Jannat ', 'Sultan.Jannat@gmail.com.', '202cb962ac59075b964b07152d234b187', 'EEE01606427', NULL, 'Student', NULL, 0, NULL),
(561, 'Jannat tabasum', 'Jannat.tabasum@gmail.com', '202cb962ac59075b964b07152d234b188', 'EEE01606428', NULL, 'Student', NULL, 0, NULL),
(562, 'Mahira Khan', 'Mahira.Khan@gmail.com', '202cb962ac59075b964b07152d234b189', 'EEE01606429', NULL, 'Student', NULL, 0, NULL),
(563, 'Indra jith', 'Indra.jith@gmail.com', '202cb962ac59075b964b07152d234b190', 'EEE01606430', NULL, 'Student', NULL, 0, NULL),
(564, 'Shajjat Hossain ', 'Shajjat.Hossain@gmail.com.', '202cb962ac59075b964b07152d234b191', 'EEE01606431', NULL, 'Student', NULL, 0, NULL),
(565, 'Shahinoor Sultana', 'ShahinoorSultana@gmail.com', '202cb962ac59075b964b07152d234b192', 'EEE01606432', NULL, 'Student', NULL, 0, NULL),
(566, 'MD AH Mishan', 'MD.AH@gmail.com', '202cb962ac59075b964b07152d234b193', 'EEE01606433', NULL, 'Student', NULL, 0, NULL),
(567, 'Sayed H. Kanon', 'Sayed.H@gmail.com', '202cb962ac59075b964b07152d234b194', 'EEE01606434', NULL, 'Student', NULL, 0, NULL),
(568, 'Sithee Moni ', 'Sithee.Moni@gmail.com.', '202cb962ac59075b964b07152d234b195', 'EEE01606435', NULL, 'Student', NULL, 0, NULL),
(569, 'Moni Mondol', 'Moni.Mondol@gmail.com', '202cb962ac59075b964b07152d234b196', 'EEE01606436', NULL, 'Student', NULL, 0, NULL),
(570, 'Mumtahina Ahmed', 'Mumtahina@gmail.com', '202cb962ac59075b964b07152d234b197', 'EEE01606437', NULL, 'Student', NULL, 0, NULL),
(571, 'Faijul Ahsan', 'Faijul.Ahsan@gmail.com', '202cb962ac59075b964b07152d234b198', 'EEE01606438', NULL, 'Student', NULL, 0, NULL),
(572, 'Sabbir Al Ahsan', 'Sabbir.Al.Ahsan@gmail.com', '202cb962ac59075b964b07152d234b199', 'EEE01606439', NULL, 'Student', NULL, 0, NULL),
(573, 'A. Yousuf', 'A..Yousuf@gmail.com', '202cb962ac59075b964b07152d234b200', 'EEE01606440', NULL, 'Student', NULL, 0, NULL),
(574, 'Ummeh Aayesha', 'Ummeh.Aayesha@gmail.com', '202cb962ac59075b964b07152d234b201', 'EEE01606441', NULL, 'Student', NULL, 0, NULL),
(575, 'Sakhawat Hossain', 'Sakhawat.Hos@gmail.com', '202cb962ac59075b964b07152d234b202', 'EEE01606442', NULL, 'Student', NULL, 0, NULL),
(576, 'Abedin Joynal', 'Abedin.Joynal@gmail.com', '202cb962ac59075b964b07152d234b203', 'EEE01606443', NULL, 'Student', NULL, 0, NULL),
(577, 'Miraz Hossen Ibnsina', 'Miraz.Hossen@gmail.com', '202cb962ac59075b964b07152d234b204', 'ENG01506444', NULL, 'Student', NULL, 0, NULL),
(578, 'Samiha Jahara', 'Samiha.Jahara@gmail.com', '202cb962ac59075b964b07152d234b205', 'ENG01506445', NULL, 'Student', NULL, 0, NULL),
(579, 'Mohammed Jonayed', 'Mohammed@gmail.com', '202cb962ac59075b964b07152d234b206', 'ENG01506446', NULL, 'Student', NULL, 0, NULL),
(580, 'Abrar Abid', 'Abrar.Abid@gmail.com', '202cb962ac59075b964b07152d234b207', 'ENG01506447', NULL, 'Student', NULL, 0, NULL),
(581, 'Aparna Aps', 'Aparna.Aps@gmail.com', '202cb962ac59075b964b07152d234b208', 'ENG01506448', NULL, 'Student', NULL, 0, NULL),
(582, 'Azmaul Hossain', 'Azmaul.Hossain@gmail.com', '202cb962ac59075b964b07152d234b209', 'ENG01506449', NULL, 'Student', NULL, 0, NULL),
(583, 'Shahin Wadud', 'Shahin.Wadud@gmail.com', '202cb962ac59075b964b07152d234b210', 'ENG01506450', NULL, 'Student', NULL, 0, NULL),
(584, 'Owahidul Hoque', 'Owahidul.Hoque@gmail.com', '202cb962ac59075b964b07152d234b211', 'ENG01506451', NULL, 'Student', NULL, 0, NULL),
(585, 'Hoque Chowdhury', 'Hoque.Chowdhury@gmail.com', '202cb962ac59075b964b07152d234b212', 'ENG01506452', NULL, 'Student', NULL, 0, NULL),
(586, 'Shahin Hoque', 'Shahin.Hoque@gmail.com', '202cb962ac59075b964b07152d234b213', 'ENG01506453', NULL, 'Student', NULL, 0, NULL),
(587, 'Salax Abdullah', 'Salax.Abdullah@gmail.com', '202cb962ac59075b964b07152d234b214', 'ENG01506454', NULL, 'Student', NULL, 0, NULL),
(588, ' Sheikh Ibrahim', '.Sheikh.Ibrahim@gmail.com', '202cb962ac59075b964b07152d234b215', 'ENG01506455', NULL, 'Student', NULL, 0, NULL),
(589, 'Sumon Tripura', 'Sumon.Tripura@gmail.com', '202cb962ac59075b964b07152d234b216', 'ENG01506456', NULL, 'Student', NULL, 0, NULL),
(590, 'Md Rashedul  Mamun Rashedul  Mamun', 'Md.Rashedul@gmail.com', '202cb962ac59075b964b07152d234b217', 'ENG01506457', NULL, 'Student', NULL, 0, NULL),
(591, ' Mamun Islam', '.Mamun.Islam@gmail.com', '202cb962ac59075b964b07152d234b218', 'ENG01506458', NULL, 'Student', NULL, 0, NULL),
(592, 'Mamun Dhar', 'Mamun.Dhar@gmail.com', '202cb962ac59075b964b07152d234b219', 'ENG01506459', NULL, 'Student', NULL, 0, NULL),
(593, 'Jony chy', 'Jony.chy@gmail.com', '202cb962ac59075b964b07152d234b220', 'ENG01506460', NULL, 'Student', NULL, 0, NULL),
(594, 'Shahadat Shanto', 'Shahadat.Shanto@gmail.com', '202cb962ac59075b964b07152d234b221', 'ENG01506461', NULL, 'Student', NULL, 0, NULL),
(595, 'Arif Khan Joy', 'Arif.Khan@gmail.com', '202cb962ac59075b964b07152d234b222', 'ENG01506462', NULL, 'Student', NULL, 0, NULL),
(596, 'MD Afjal ', 'MD.Afjal@gmail.com', '202cb962ac59075b964b07152d234b223', 'ENG01506463', NULL, 'Student', NULL, 0, NULL),
(597, ' Afjal Hossen', '.Afjal.Hossen@gmail.com', '202cb962ac59075b964b07152d234b224', 'ENG01506464', NULL, 'Student', NULL, 0, NULL),
(598, 'Md Hossen', 'Md.Hossen@gmail.com', '202cb962ac59075b964b07152d234b225', 'ENG01506465', NULL, 'Student', NULL, 0, NULL),
(599, 'Joy Dey', 'Joy.Dey@gmail.com', '202cb962ac59075b964b07152d234b226', 'ENG01506466', NULL, 'Student', NULL, 0, NULL),
(600, 'Jon deb', 'Joy.Roy@gmail.com', '202cb962ac59075b964b07152d234b227', 'ENG01506467', NULL, 'Student', NULL, 0, NULL),
(601, 'Sakibul Hasan', 'Sakibul.Hasan@gmail.com', '202cb962ac59075b964b07152d234b228', 'ENG01506468', NULL, 'Student', NULL, 0, NULL),
(602, 'Kaium Uddin', 'Kaium.Uddin@gmail.com', '202cb962ac59075b964b07152d234b229', 'ENG01506469', NULL, 'Student', NULL, 0, NULL),
(603, 'Kamal ullah', 'Kamal.ullah@gmail.com', '202cb962ac59075b964b07152d234b230', 'ENG01506470', NULL, 'Student', NULL, 0, NULL),
(604, 'Anu Kalam', 'Anu.Kalam@gmail.com', '202cb962ac59075b964b07152d234b231', 'ENG01506471', NULL, 'Student', NULL, 0, NULL),
(605, 'Md Azad', 'Md.Azad@gmail.com', '202cb962ac59075b964b07152d234b232', 'ENG01506472', NULL, 'Student', NULL, 0, NULL),
(606, 'Mhm Sohel', 'Mhm.Sohel@gmail.com', '202cb962ac59075b964b07152d234b233', 'ENG01506473', NULL, 'Student', NULL, 0, NULL),
(607, 'Mamun Masud', 'Mamun.Masud@gmail.com', '202cb962ac59075b964b07152d234b234', 'ENG01606474', NULL, 'Student', NULL, 0, NULL),
(608, 'Alamin Shoron', 'Alamin.Shoron@gmail.com', '202cb962ac59075b964b07152d234b235', 'ENG01606475', NULL, 'Student', NULL, 0, NULL),
(609, 'Saiful Msa', 'Saiful.Msa@gmail.com', '202cb962ac59075b964b07152d234b236', 'ENG01606476', NULL, 'Student', NULL, 0, NULL),
(610, 'Ahmed Pabel', 'Ahmed.Pabel@gmail.com', '202cb962ac59075b964b07152d234b237', 'ENG01606477', NULL, 'Student', NULL, 0, NULL),
(611, 'Junaed Jaxen', 'Junaed.Jaxen@gmail.com', '202cb962ac59075b964b07152d234b238', 'ENG01606478', NULL, 'Student', NULL, 0, NULL),
(612, 'Arfat Rahman', 'Arfat.Rahman@gmail.com', '202cb962ac59075b964b07152d234b239', 'ENG01606479', NULL, 'Student', NULL, 0, NULL),
(613, 'Ajoy Das', 'Ajoy.Das@gmail.com', '202cb962ac59075b964b07152d234b240', 'ENG01606480', NULL, 'Student', NULL, 0, NULL),
(614, 'Muhammad Faysal ', 'Muhammad@gmail.com', '202cb962ac59075b964b07152d234b241', 'ENG01606481', NULL, 'Student', NULL, 0, NULL),
(615, 'Newaz Nahid', 'Newaz.Nahid@gmail.com', '202cb962ac59075b964b07152d234b242', 'ENG01606482', NULL, 'Student', NULL, 0, NULL),
(616, 'Mohammad Ashraf', 'Mohammad.Ashf@gmail.com', '202cb962ac59075b964b07152d234b243', 'ENG01606483', NULL, 'Student', NULL, 0, NULL),
(617, 'Saimoon Hasnat', 'Saimoon.Hasnat@gmail.com', '202cb962ac59075b964b07152d234b244', 'ENG01606484', NULL, 'Student', NULL, 0, NULL),
(618, 'Niloy Mitra ', 'Niloy.Mitra@gmail.com', '202cb962ac59075b964b07152d234b245', 'ENG01606485', NULL, 'Student', NULL, 0, NULL),
(619, 'Mitra Neel', 'Mitra.Neel@gmail.com', '202cb962ac59075b964b07152d234b246', 'ENG01606486', NULL, 'Student', NULL, 0, NULL),
(620, 'Kazi Afrime ', 'Kazi.Afrime@gmail.com.', '202cb962ac59075b964b07152d234b247', 'ENG01606487', NULL, 'Student', NULL, 0, NULL),
(621, 'Ahamed Araf', 'Ahamed.Araf@gmail.com', '202cb962ac59075b964b07152d234b248', 'ENG01606488', NULL, 'Student', NULL, 0, NULL),
(622, 'Rezaul Kerim', 'rezaul12@gmail.com', '202cb962ac59075b964b07152d234b249', 'ENG01606489', NULL, 'Student', NULL, 0, NULL),
(623, 'Bappy Bin', 'rbappyl12@gmail.com', '202cb962ac59075b964b07152d234b250', 'ENG01606490', NULL, 'Student', NULL, 0, NULL),
(624, 'Bappy Rehman', 'rrhmaul12@gmail.com', '202cb962ac59075b964b07152d234b251', 'ENG01606491', NULL, 'Student', NULL, 0, NULL),
(625, 'Shabbir Bin Nibir', 'rezaul12@gmail.com', '202cb962ac59075b964b07152d234b252', 'ENG01606492', NULL, 'Student', NULL, 0, NULL),
(626, 'Sabbir Nibir', 'bibir34@gmail.com', '202cb962ac59075b964b07152d234b253', 'ENG01606493', NULL, 'Student', NULL, 0, NULL),
(627, 'Sagar Palit', 'rezaul12@gmail.com', '202cb962ac59075b964b07152d234b254', 'ENG01606494', NULL, 'Student', NULL, 0, NULL),
(628, 'Mohhamad Nowshad', 'moha135@gmail.com', '202cb962ac59075b964b07152d234b255', 'ENG01606495', NULL, 'Student', NULL, 0, NULL),
(629, 'Maruf hossain', 'maraaf78@gmail.com', '202cb962ac59075b964b07152d234b256', 'ENG01606496', NULL, 'Student', NULL, 0, NULL),
(630, 'Masud Rana', 'remasad2@gmail.com', '202cb962ac59075b964b07152d234b257', 'ENG01606497', NULL, 'Student', NULL, 0, NULL),
(631, 'Raba khan', 'rebalhjl12@gmail.com', '202cb962ac59075b964b07152d234b258', 'ENG01606498', NULL, 'Student', NULL, 0, NULL),
(632, 'Arman Kayes', 'rekaye36@gmail.com', '202cb962ac59075b964b07152d234b259', 'ENG01606499', NULL, 'Student', NULL, 0, NULL),
(633, 'Imrul Kayes', 'imrul98@gmail.com', '202cb962ac59075b964b07152d234b260', 'ENG01606500', NULL, 'Student', NULL, 0, NULL),
(634, 'Onkon dhar', 'dharr52@gmail.com', '202cb962ac59075b964b07152d234b261', 'ENG01606501', NULL, 'Student', NULL, 0, NULL),
(635, 'Shuvo Mahajon', 'mahajan2@gmail.com', '202cb962ac59075b964b07152d234b262', 'ENG01606502', NULL, 'Student', NULL, 0, NULL),
(636, 'Fatena Akhter', 'fatamaa77@gmail.com', '202cb962ac59075b964b07152d234b263', 'ENG01606503', NULL, 'Student', NULL, 0, NULL),
(637, 'Tutul Roy', 'tatalroy@gmail.com', '202cb962ac59075b964b07152d234b264', 'ENG01606504', NULL, 'Student', NULL, 0, NULL),
(638, 'Mohul Haque', 'mohul@gmail.com', '202cb962ac59075b964b07152d234b265', 'ENG01606505', NULL, 'Student', NULL, 0, NULL),
(639, 'Sudharsan Novel', 'novel@gmail.com', '202cb962ac59075b964b07152d234b266', 'ENG01606506', NULL, 'Student', NULL, 0, NULL),
(640, 'Mobiul Haque', 'mahaibul52@gmail.com', '202cb962ac59075b964b07152d234b267', 'ENG01606507', NULL, 'Student', NULL, 0, NULL),
(641, 'Sanjida Kaniz', 'sanjida91@gmail.com', '202cb962ac59075b964b07152d234b268', 'ENG01606508', NULL, 'Student', NULL, 0, NULL),
(642, 'Kaniz Sultana', 'kamiz122@gmail.com', '202cb962ac59075b964b07152d234b269', 'ENG01606509', NULL, 'Student', NULL, 0, NULL),
(643, 'Amzad Hossain', 'amzar@gmail.com', '202cb962ac59075b964b07152d234b270', 'ENG01606510', NULL, 'Student', NULL, 0, NULL),
(644, 'Naeem Uddin', 'naeemuddin@gmail.com', '202cb962ac59075b964b07152d234b271', 'ENG01606511', NULL, 'Student', NULL, 0, NULL),
(645, 'Siman Azmat', 'simamzat@gmail.com', '202cb962ac59075b964b07152d234b272', 'ENG01606512', NULL, 'Student', NULL, 0, NULL),
(646, 'Azamat Ullah', 'rullah@gmail.com', '202cb962ac59075b964b07152d234b273', 'ENG01606513', NULL, 'Student', NULL, 0, NULL),
(647, 'Sharafat Ullah', 'ulleeh1452@gmail.com', '202cb962ac59075b964b07152d234b274', 'ENG01606514', NULL, 'Student', NULL, 0, NULL),
(648, 'Rabeya Rani', 'rabeyaroni@gmail.com', '202cb962ac59075b964b07152d234b275', 'ENG01606515', NULL, 'Student', NULL, 0, NULL),
(649, 'Rani Sultana', 'ranosa@gmail.com', '202cb962ac59075b964b07152d234b276', 'ENG01606516', NULL, 'Student', NULL, 0, NULL),
(650, 'Bappy Rehman', 'rbappic@gmail.com', '202cb962ac59075b964b07152d234b277', 'ENG01606517', NULL, 'Student', NULL, 0, NULL),
(651, 'Sotjia Haque', 'satija45@gmail.com', '202cb962ac59075b964b07152d234b278', 'ENG01606518', NULL, 'Student', NULL, 0, NULL),
(652, 'Tanim Hasan', 'tanimhas@gmail.com', '202cb962ac59075b964b07152d234b279', 'ENG01606519', NULL, 'Student', NULL, 0, NULL),
(653, 'Forkan Yasin', 'yasinfork@gmail.com', '202cb962ac59075b964b07152d234b280', 'ENG01606520', NULL, 'Student', NULL, 0, NULL),
(654, 'Shibir Ahmad', 'shibir32@gmail.com', '202cb962ac59075b964b07152d234b281', 'ENG01606521', NULL, 'Student', NULL, 0, NULL),
(655, 'Borhan Sikdar', 'sikdhats@gmail.com', '202cb962ac59075b964b07152d234b282', 'ENG01606522', NULL, 'Student', NULL, 0, NULL),
(656, 'Sumiya Binte', 'sumiya@gmail.com', '202cb962ac59075b964b07152d234b283', 'ENG01606523', NULL, 'Student', NULL, 0, NULL),
(657, 'Akram Nahid', 'reznahid124@gmail.com', '202cb962ac59075b964b07152d234b284', 'ENG01606524', NULL, 'Student', NULL, 0, NULL),
(658, 'Eshita Chowdhury', 'eshita590@gmail.com', '202cb962ac59075b964b07152d234b285', 'ENG01606525', NULL, 'Student', NULL, 0, NULL),
(659, 'Tonoya Dey', 'tonoyadey@gmail.com', '202cb962ac59075b964b07152d234b286', 'ENG01606526', NULL, 'Student', NULL, 0, NULL),
(660, 'Tonni Elara', 'elaraa2@gmail.com', '202cb962ac59075b964b07152d234b287', 'ENG01606527', NULL, 'Student', NULL, 0, NULL),
(661, 'Ovi Mallick', 'mallaik@gmail.com', '202cb962ac59075b964b07152d234b288', 'ENG01606528', NULL, 'Student', NULL, 0, NULL),
(662, 'Munna Rahman', 'mannam@gmail.com', '202cb962ac59075b964b07152d234b289', 'ENG01606529', NULL, 'Student', NULL, 0, NULL),
(663, 'M B Rafi', 'mbraf12@gmail.com', '202cb962ac59075b964b07152d234b290', 'ENG01606530', NULL, 'Student', NULL, 0, NULL),
(664, 'Asad Asif', 'asadas@gmail.com', '202cb962ac59075b964b07152d234b291', 'ENG01606531', NULL, 'Student', NULL, 0, NULL),
(665, 'Ovisekh Nath', 'ovisekh@gmail.com', '202cb962ac59075b964b07152d234b292', 'ENG01606532', NULL, 'Student', NULL, 0, NULL),
(666, 'Saif Jisan', 'saifjess@gmail.com', '202cb962ac59075b964b07152d234b293', 'ENG01606533', NULL, 'Student', NULL, 0, NULL),
(667, 'Reza Nehal', 'rezaneh@gmail.com', '202cb962ac59075b964b07152d234b294', 'ENG01606534', NULL, 'Student', NULL, 0, NULL),
(668, 'Khaled Mahmud', 'khaledmah@gmail.com', '202cb962ac59075b964b07152d234b295', 'ENG01606535', NULL, 'Student', NULL, 0, NULL),
(669, 'Yrasin Imam', 'yarasinym@gmail.com', '202cb962ac59075b964b07152d234b296', 'ENG01606536', NULL, 'Student', NULL, 0, NULL),
(670, 'Md Shabbir', 'mmsabbir45@gmail.com', '202cb962ac59075b964b07152d234b297', 'ENG01606537', NULL, 'Student', NULL, 0, NULL),
(671, 'Nabil Hassan', 'nabilhasan@gmail.com', '202cb962ac59075b964b07152d234b298', 'ENG01606538', NULL, 'Student', NULL, 0, NULL),
(672, 'Kazi Sani', 'kazsani@gmail.com', '202cb962ac59075b964b07152d234b299', 'ENG01606539', NULL, 'Student', NULL, 0, NULL),
(673, 'M H Dipto', 'mhrdip@gmail.com', '202cb962ac59075b964b07152d234b300', 'ENG01606540', NULL, 'Student', NULL, 0, NULL),
(674, 'Shonal dey', 'shonaldey@gmail.com', '202cb962ac59075b964b07152d234b301', 'ENG01606541', NULL, 'Student', NULL, 0, NULL),
(675, 'Md Abir', 'mdabir345@gmail.com', '202cb962ac59075b964b07152d234b302', 'ENG01606542', NULL, 'Student', NULL, 0, NULL),
(676, 'Mumtania Reba', 'rebaaa129@gmail.com', '202cb962ac59075b964b07152d234b303', 'ENG01606543', NULL, 'Student', NULL, 0, NULL),
(677, 'Abrar Shah', 'abshah@gmail.com', '202cb962ac59075b964b07152d234b304', 'ENG01606544', NULL, 'Student', NULL, 0, NULL),
(678, 'Mahmubul Alom', 'mamhubulalam2@gmail.com', '202cb962ac59075b964b07152d234b305', 'ENG01606545', NULL, 'Student', NULL, 0, NULL),
(679, 'Hemel khan', 'memelkhan@gmail.com', '202cb962ac59075b964b07152d234b306', 'ENG01606546', NULL, 'Student', NULL, 0, NULL),
(680, 'Zain Mallik', 'zaaain2@gmail.com', '202cb962ac59075b964b07152d234b307', 'ENG01606547', NULL, 'Student', NULL, 0, NULL),
(681, 'Navim Hossain', 'rezaul1267er@gmail.com', '202cb962ac59075b964b07152d234b308', 'ENG01606548', NULL, 'Student', NULL, 0, NULL),
(682, 'Zafor Ullah khan', 'Zafor Ullah khan@gmail.com', '202cb962ac59075b964b07152d234b309', 'ENG01606549', NULL, 'Student', NULL, 0, NULL),
(683, 'Md Ahasan khan', 'Md Ahasan khan@gmail.com', '202cb962ac59075b964b07152d234b310', 'ENG01606550', NULL, 'Student', NULL, 0, NULL),
(684, 'Nur Khan', 'Nur Khan@gmail.com', '202cb962ac59075b964b07152d234b311', 'ENG01606551', NULL, 'Student', NULL, 0, NULL),
(685, 'Nuru uddin1', 'Nuru uddin1@gmail.com', '202cb962ac59075b964b07152d234b312', 'ENG01606552', NULL, 'Student', NULL, 0, NULL),
(686, 'Nila khan2', 'Nila khan2@gmail.com', '202cb962ac59075b964b07152d234b313', 'ENG01606553', NULL, 'Student', NULL, 0, NULL),
(687, 'Jaheda sultana3', 'Jaheda sultana3@gmail.com', '202cb962ac59075b964b07152d234b314', 'ENG01606554', NULL, 'Student', NULL, 0, NULL),
(688, 'Nirob shah4', 'Nirob shah4@gmail.com', '202cb962ac59075b964b07152d234b315', 'ENG01606555', NULL, 'Student', NULL, 0, NULL),
(689, 'Rahat Ali5', 'Rahat Ali5@gmail.com', '202cb962ac59075b964b07152d234b316', 'ENG01606556', NULL, 'Student', NULL, 0, NULL),
(690, 'Zerin khan6', 'Zerin khan6@gmail.com', '202cb962ac59075b964b07152d234b317', 'ENG01606557', NULL, 'Student', NULL, 0, NULL),
(691, 'Md Salman7', 'Md Salman7@gmail.com', '202cb962ac59075b964b07152d234b318', 'ENG01606558', NULL, 'Student', NULL, 0, NULL),
(692, 'Avi Malik8', 'Avi Malik8@gmail.com', '202cb962ac59075b964b07152d234b319', 'ENG01606559', NULL, 'Student', NULL, 0, NULL),
(693, 'Mithun Sutrodar9', 'Mithun Sutrodar9@gmail.com', '202cb962ac59075b964b07152d234b320', 'ENG01606560', NULL, 'Student', NULL, 0, NULL),
(694, 'M B Rafi', 'M B Rafi@gmail.com', '202cb962ac59075b964b07152d234b321', 'ENG01606561', NULL, 'Student', NULL, 0, NULL),
(695, 'Asad Asif', 'Asad Asif@gmail.com', '202cb962ac59075b964b07152d234b322', 'ENG01606562', NULL, 'Student', NULL, 0, NULL),
(696, 'Ovisekh Nath', 'Ovisekh Nath@gmail.com', '202cb962ac59075b964b07152d234b323', 'ENG01606563', NULL, 'Student', NULL, 0, NULL),
(697, 'Saif Jisan', 'Saif Jisan@gmail.com', '202cb962ac59075b964b07152d234b324', 'ENG01606564', NULL, 'Student', NULL, 0, NULL),
(698, 'Reza Nehal', 'Reza Nehal@gmail.com', '202cb962ac59075b964b07152d234b325', 'ENG01606565', NULL, 'Student', NULL, 0, NULL),
(699, 'Khaled Mahmud', 'Khaled Mahmud@gmail.com', '202cb962ac59075b964b07152d234b326', 'ENG01606566', NULL, 'Student', NULL, 0, NULL),
(700, 'Yrasin Imam', 'Yrasin Imam@gmail.com', '202cb962ac59075b964b07152d234b327', 'ENG01606567', NULL, 'Student', NULL, 0, NULL),
(701, 'Md Shabbir', 'Md Shabbir@gmail.com', '202cb962ac59075b964b07152d234b328', 'ENG01606568', NULL, 'Student', NULL, 0, NULL),
(702, 'Nabil Hassan', 'Nabil Hassan@gmail.com', '202cb962ac59075b964b07152d234b329', 'ENG01606569', NULL, 'Student', NULL, 0, NULL),
(703, 'Kazi Sani', 'Kazi Sani@gmail.com', '202cb962ac59075b964b07152d234b330', 'ENG01606570', NULL, 'Student', NULL, 0, NULL),
(704, 'M H Dipto', 'M H Dipto@gmail.com', '202cb962ac59075b964b07152d234b331', 'ENG01606571', NULL, 'Student', NULL, 0, NULL),
(705, 'Shonal dey', 'Shonal dey@gmail.com', '202cb962ac59075b964b07152d234b332', 'ENG01606572', NULL, 'Student', NULL, 0, NULL),
(706, 'Md Abir', 'Md Abir@gmail.com', '202cb962ac59075b964b07152d234b333', 'ENG01606573', NULL, 'Student', NULL, 0, NULL),
(707, 'Mumtania Reba', 'Mumtania Reba@gmail.com', '202cb962ac59075b964b07152d234b334', 'ENG01606574', NULL, 'Student', NULL, 0, NULL),
(708, 'Abrar Shah', 'Abrar Shah@gmail.com', '202cb962ac59075b964b07152d234b335', 'ENG01606575', NULL, 'Student', NULL, 0, NULL),
(709, 'Mahmubul Alom', 'Mahmubul Alom@gmail.com', '202cb962ac59075b964b07152d234b336', 'ENG01606576', NULL, 'Student', NULL, 0, NULL),
(710, 'Hemel khan', 'Hemel khan@gmail.com', '202cb962ac59075b964b07152d234b337', 'ENG01606577', NULL, 'Student', NULL, 0, NULL);

-- --------------------------------------------------------

--
-- Table structure for table `tb_building`
--

CREATE TABLE `tb_building` (
  `building_id` int(11) NOT NULL,
  `building_name` varchar(500) NOT NULL,
  `total_floor` varchar(500) NOT NULL
) ENGINE=InnoDB DEFAULT CHARSET=latin1;

--
-- Dumping data for table `tb_building`
--

INSERT INTO `tb_building` (`building_id`, `building_name`, `total_floor`) VALUES
(1, 'A Building', '4'),
(2, 'B Building', '5');

-- --------------------------------------------------------

--
-- Table structure for table `tb_floor_info`
--

CREATE TABLE `tb_floor_info` (
  `floor_id` bigint(20) NOT NULL,
  `title` varchar(500) NOT NULL,
  `building_id` bigint(20) NOT NULL,
  `total_room` bigint(20) NOT NULL
) ENGINE=InnoDB DEFAULT CHARSET=latin1;

--
-- Dumping data for table `tb_floor_info`
--

INSERT INTO `tb_floor_info` (`floor_id`, `title`, `building_id`, `total_room`) VALUES
(1, '1st floor', 1, 40),
(2, '2nd floor', 2, 10);

-- --------------------------------------------------------

--
-- Table structure for table `tb_room_info`
--

CREATE TABLE `tb_room_info` (
  `room_id` bigint(20) NOT NULL,
  `building_id` bigint(20) NOT NULL,
  `floor_id` bigint(20) NOT NULL,
  `seat_capacity` bigint(20) NOT NULL,
  `title` varchar(500) NOT NULL
) ENGINE=InnoDB DEFAULT CHARSET=latin1;

--
-- Dumping data for table `tb_room_info`
--

INSERT INTO `tb_room_info` (`room_id`, `building_id`, `floor_id`, `seat_capacity`, `title`) VALUES
(1, 1, 1, 50, 'B12'),
(2, 2, 1, 50, 'C10'),
(3, 1, 2, 40, 'C12'),
(4, 1, 2, 50, 'B11'),
(5, 1, 2, 40, 'Z11'),
(6, 1, 1, 40, 'Y11'),
(7, 1, 2, 40, 'C11'),
(8, 2, 1, 50, 'X10'),
(9, 2, 2, 40, 'B15'),
(10, 2, 1, 50, 'N22');

-- --------------------------------------------------------

--
-- Table structure for table `tb_student_details`
--

CREATE TABLE `tb_student_details` (
  `student_id` bigint(20) NOT NULL,
  `user_id` bigint(20) NOT NULL,
  `dept_id` bigint(20) NOT NULL,
  `batch_id` bigint(20) NOT NULL,
  `mobile_number` varchar(50) NOT NULL,
  `alt_mobile_number` varchar(50) DEFAULT NULL,
  `linkedin_address` varchar(500) DEFAULT NULL,
  `github_address` varchar(500) DEFAULT NULL
) ENGINE=InnoDB DEFAULT CHARSET=latin1;

--
-- Dumping data for table `tb_student_details`
--

INSERT INTO `tb_student_details` (`student_id`, `user_id`, `dept_id`, `batch_id`, `mobile_number`, `alt_mobile_number`, `linkedin_address`, `github_address`) VALUES
(540, 264, 1, 1, '1910952079', NULL, NULL, NULL),
(541, 265, 1, 1, '1910762079', NULL, NULL, NULL),
(542, 266, 1, 1, '1910961079', NULL, NULL, NULL),
(543, 267, 1, 1, '1910962679', NULL, NULL, NULL),
(544, 268, 1, 1, '1910964079', NULL, NULL, NULL),
(545, 269, 1, 1, '1910960079', NULL, NULL, NULL),
(546, 270, 1, 1, '1910662079', NULL, NULL, NULL),
(547, 271, 1, 1, '1910962179', NULL, NULL, NULL),
(548, 272, 1, 1, '1914962079', NULL, NULL, NULL),
(549, 273, 1, 1, '1912962179', NULL, NULL, NULL),
(550, 274, 1, 2, '1910062079', NULL, NULL, NULL),
(551, 275, 1, 2, '1920962079', NULL, NULL, NULL),
(552, 276, 1, 2, '1930952079', NULL, NULL, NULL),
(553, 277, 1, 2, '1918967079', NULL, NULL, NULL),
(554, 278, 1, 2, '1910562079', NULL, NULL, NULL),
(555, 279, 1, 2, '1910961079', NULL, NULL, NULL),
(556, 280, 1, 2, '1917962079', NULL, NULL, NULL),
(557, 281, 1, 2, '1910362079', NULL, NULL, NULL),
(558, 282, 1, 2, '1910956079', NULL, NULL, NULL),
(559, 283, 1, 2, '1910967079', NULL, NULL, NULL),
(560, 284, 1, 3, '1934942079', NULL, NULL, NULL),
(561, 285, 1, 3, '1910942879', NULL, NULL, NULL),
(562, 286, 1, 3, '1925942079', NULL, NULL, NULL),
(563, 287, 1, 3, '1910672079', NULL, NULL, NULL),
(564, 288, 1, 3, '1310942079', NULL, NULL, NULL),
(565, 289, 1, 3, '1320942079', NULL, NULL, NULL),
(566, 290, 1, 3, '1330942079', NULL, NULL, NULL),
(567, 291, 1, 3, '1340942079', NULL, NULL, NULL),
(568, 292, 1, 3, '1360942079', NULL, NULL, NULL),
(569, 293, 1, 3, '1390942079', NULL, NULL, NULL),
(570, 294, 1, 3, '1370942079', NULL, NULL, NULL),
(571, 295, 1, 3, '1349942079', NULL, NULL, NULL),
(572, 296, 1, 3, '1556942079', NULL, NULL, NULL),
(573, 297, 1, 3, '1956742079', NULL, NULL, NULL),
(574, 298, 1, 3, '1590942079', NULL, NULL, NULL),
(575, 299, 1, 3, '1580942079', NULL, NULL, NULL),
(576, 300, 1, 3, '1567942079', NULL, NULL, NULL),
(577, 301, 1, 3, '1519942079', NULL, NULL, NULL),
(578, 302, 1, 3, '1774942079', NULL, NULL, NULL),
(579, 303, 1, 4, '1720942079', NULL, NULL, NULL),
(580, 304, 1, 4, '1780942079', NULL, NULL, NULL),
(581, 305, 1, 4, '1680942079', NULL, NULL, NULL),
(582, 306, 1, 4, '1630942079', NULL, NULL, NULL),
(583, 307, 1, 4, '1620942079', NULL, NULL, NULL),
(584, 308, 1, 4, '1620942079', NULL, NULL, NULL),
(585, 309, 1, 4, '1890942079', NULL, NULL, NULL),
(586, 310, 1, 4, '1820942079', NULL, NULL, NULL),
(587, 311, 1, 4, '1840942079', NULL, NULL, NULL),
(588, 312, 1, 4, '1820942079', NULL, NULL, NULL),
(589, 313, 1, 4, '1813942079', NULL, NULL, NULL),
(590, 314, 1, 5, '1840942079', NULL, NULL, NULL),
(591, 315, 1, 5, '1710942079', NULL, NULL, NULL),
(592, 316, 1, 5, '1750942079', NULL, NULL, NULL),
(593, 317, 1, 5, '1760942079', NULL, NULL, NULL),
(594, 318, 1, 5, '1780942079', NULL, NULL, NULL),
(595, 319, 1, 5, '1709942079', NULL, NULL, NULL),
(596, 320, 1, 5, '1710942079', NULL, NULL, NULL),
(597, 321, 1, 5, '1789942079', NULL, NULL, NULL),
(598, 322, 1, 5, '1729942079', NULL, NULL, NULL),
(599, 323, 2, 5, '1910942079', NULL, NULL, NULL),
(600, 324, 2, 5, '1720942079', NULL, NULL, NULL),
(601, 325, 2, 6, '1690942079', NULL, NULL, NULL),
(602, 326, 2, 6, '1620942079', NULL, NULL, NULL),
(603, 327, 2, 6, '1911942079', NULL, NULL, NULL),
(604, 328, 2, 6, '1540942079', NULL, NULL, NULL),
(605, 329, 2, 6, '1910968079', NULL, NULL, NULL),
(606, 330, 2, 6, '1589942079', NULL, NULL, NULL),
(607, 331, 2, 6, '1910678079', NULL, NULL, NULL),
(608, 332, 2, 6, '1917662079', NULL, NULL, NULL),
(609, 333, 2, 6, '1910678079', NULL, NULL, NULL),
(610, 334, 2, 6, '1910976079', NULL, NULL, NULL),
(611, 335, 2, 7, '1678942079', NULL, NULL, NULL),
(612, 336, 2, 7, '1780942079', NULL, NULL, NULL),
(613, 337, 2, 7, '1798942079', NULL, NULL, NULL),
(614, 338, 2, 7, '1689942079', NULL, NULL, NULL),
(615, 339, 2, 7, '1768942079', NULL, NULL, NULL),
(616, 340, 2, 7, '1916742079', NULL, NULL, NULL),
(617, 341, 2, 7, '1367942079', NULL, NULL, NULL),
(618, 342, 2, 7, '1789942079', NULL, NULL, NULL),
(619, 343, 2, 7, '1687942079', NULL, NULL, NULL),
(620, 344, 2, 7, '1890942079', NULL, NULL, NULL),
(621, 345, 2, 8, '1896542079', NULL, NULL, NULL),
(622, 346, 2, 8, '1345642079', NULL, NULL, NULL),
(623, 347, 2, 8, '1567892079', NULL, NULL, NULL),
(624, 348, 2, 8, '1567842079', NULL, NULL, NULL),
(625, 349, 2, 8, '1678942079', NULL, NULL, NULL),
(626, 350, 2, 8, '1977742079', NULL, NULL, NULL),
(627, 351, 2, 8, '1888842079', NULL, NULL, NULL),
(628, 352, 2, 8, '1910777779', NULL, NULL, NULL),
(629, 353, 2, 8, '1799942079', NULL, NULL, NULL),
(630, 354, 2, 8, '1910333079', NULL, NULL, NULL),
(631, 355, 2, 8, '1344442079', NULL, NULL, NULL),
(632, 356, 2, 9, '1799942079', NULL, NULL, NULL),
(633, 357, 2, 9, '1800042079', NULL, NULL, NULL),
(634, 358, 2, 9, '1689042079', NULL, NULL, NULL),
(635, 359, 2, 9, '1890442079', NULL, NULL, NULL),
(636, 360, 2, 9, '1345742079', NULL, NULL, NULL),
(637, 361, 2, 9, '1910679079', NULL, NULL, NULL),
(638, 362, 2, 9, '1789042079', NULL, NULL, NULL),
(639, 363, 2, 9, '1910942079', NULL, NULL, NULL),
(640, 364, 2, 9, '1910942079', NULL, NULL, NULL),
(641, 365, 2, 9, '1910942079', NULL, NULL, NULL),
(642, 366, 2, 9, '1910942079', NULL, NULL, NULL),
(643, 367, 2, 9, '1910942079', NULL, NULL, NULL),
(644, 368, 2, 10, '1910942079', NULL, NULL, NULL),
(645, 369, 2, 10, '1910942079', NULL, NULL, NULL),
(646, 370, 2, 10, '1910942079', NULL, NULL, NULL),
(647, 371, 2, 10, '1910942079', NULL, NULL, NULL),
(648, 372, 2, 10, '1910942079', NULL, NULL, NULL),
(649, 373, 2, 10, '1910942079', NULL, NULL, NULL),
(650, 374, 2, 10, '1910942079', NULL, NULL, NULL),
(651, 375, 2, 10, '1910942079', NULL, NULL, NULL),
(652, 376, 2, 10, '1910942079', NULL, NULL, NULL),
(653, 377, 2, 10, '1910942079', NULL, NULL, NULL),
(654, 378, 2, 10, '1910942079', NULL, NULL, NULL),
(655, 379, 2, 11, '1910942079', NULL, NULL, NULL),
(656, 380, 2, 11, '1910942079', NULL, NULL, NULL),
(657, 381, 2, 11, '1910942079', NULL, NULL, NULL),
(658, 382, 2, 11, '1910942079', NULL, NULL, NULL),
(659, 383, 3, 11, '1910942079', NULL, NULL, NULL),
(660, 384, 3, 11, '1910942079', NULL, NULL, NULL),
(661, 385, 3, 11, '1910942079', NULL, NULL, NULL),
(662, 386, 3, 11, '1910942079', NULL, NULL, NULL),
(663, 387, 3, 11, '1910942079', NULL, NULL, NULL),
(664, 388, 3, 11, '1910942079', NULL, NULL, NULL),
(665, 389, 3, 11, '1910942079', NULL, NULL, NULL),
(666, 390, 3, 11, '1910942079', NULL, NULL, NULL),
(667, 391, 3, 11, '1910942079', NULL, NULL, NULL),
(668, 392, 3, 11, '1910942079', NULL, NULL, NULL),
(669, 393, 3, 11, '1910942079', NULL, NULL, NULL),
(670, 394, 3, 12, '1910942079', NULL, NULL, NULL),
(671, 395, 3, 12, '1910942079', NULL, NULL, NULL),
(672, 396, 3, 12, '1910942079', NULL, NULL, NULL),
(673, 397, 3, 12, '1910942079', NULL, NULL, NULL),
(674, 398, 3, 12, '1910942079', NULL, NULL, NULL),
(675, 399, 3, 12, '1910942079', NULL, NULL, NULL),
(676, 400, 3, 12, '1910942079', NULL, NULL, NULL),
(677, 401, 3, 12, '1910942079', NULL, NULL, NULL),
(678, 402, 3, 12, '1910942079', NULL, NULL, NULL),
(679, 403, 3, 12, '1910942079', NULL, NULL, NULL),
(680, 404, 3, 12, '1910942079', NULL, NULL, NULL),
(681, 405, 3, 12, '1910942079', NULL, NULL, NULL),
(682, 406, 3, 12, '1910942079', NULL, NULL, NULL),
(683, 407, 3, 12, '1910942079', NULL, NULL, NULL),
(684, 408, 3, 12, '1910942079', NULL, NULL, NULL),
(685, 409, 3, 12, '1910942079', NULL, NULL, NULL),
(686, 410, 3, 12, '1910942079', NULL, NULL, NULL),
(687, 411, 3, 12, '1910942079', NULL, NULL, NULL),
(688, 412, 3, 12, '1910942079', NULL, NULL, NULL),
(689, 413, 3, 12, '1910942079', NULL, NULL, NULL),
(690, 414, 3, 12, '1910942079', NULL, NULL, NULL),
(691, 415, 3, 12, '1910942079', NULL, NULL, NULL),
(692, 416, 3, 1, '1910942079', NULL, NULL, NULL),
(693, 417, 3, 1, '1910942079', NULL, NULL, NULL),
(694, 418, 3, 1, '1910942079', NULL, NULL, NULL),
(695, 419, 3, 1, '1910942079', NULL, NULL, NULL),
(696, 420, 3, 1, '1910942079', NULL, NULL, NULL),
(697, 421, 3, 1, '1910942079', NULL, NULL, NULL),
(698, 422, 3, 1, '1910942079', NULL, NULL, NULL),
(699, 423, 3, 1, '1910942079', NULL, NULL, NULL),
(700, 424, 3, 1, '1910942079', NULL, NULL, NULL),
(701, 425, 3, 2, '1910942079', NULL, NULL, NULL),
(702, 426, 3, 2, '1910942079', NULL, NULL, NULL),
(703, 427, 3, 2, '1910942079', NULL, NULL, NULL),
(704, 428, 3, 2, '1910942079', NULL, NULL, NULL),
(705, 429, 3, 2, '1910942079', NULL, NULL, NULL),
(706, 430, 3, 2, '1910942079', NULL, NULL, NULL),
(707, 431, 3, 2, '1910942079', NULL, NULL, NULL),
(708, 432, 3, 2, '1910942079', NULL, NULL, NULL),
(709, 433, 3, 2, '1910942079', NULL, NULL, NULL),
(710, 434, 3, 3, '1910942079', NULL, NULL, NULL),
(711, 435, 3, 3, '1910942079', NULL, NULL, NULL),
(712, 436, 3, 3, '1910942079', NULL, NULL, NULL),
(713, 437, 3, 3, '1910942079', NULL, NULL, NULL),
(714, 438, 3, 3, '1910942079', NULL, NULL, NULL),
(715, 439, 3, 3, '1910942079', NULL, NULL, NULL),
(716, 440, 3, 3, '1910942079', NULL, NULL, NULL),
(717, 441, 3, 3, '1910942079', NULL, NULL, NULL),
(718, 442, 3, 3, '1910942079', NULL, NULL, NULL),
(719, 443, 1, 1, '197666651', NULL, NULL, NULL),
(720, 444, 1, 1, '197666662', NULL, NULL, NULL),
(721, 445, 1, 1, '197666673', NULL, NULL, NULL),
(722, 446, 1, 1, '197666684', NULL, NULL, NULL),
(723, 447, 1, 1, '197666695', NULL, NULL, NULL),
(724, 448, 1, 1, '197666706', NULL, NULL, NULL),
(725, 449, 1, 1, '197666717', NULL, NULL, NULL),
(726, 450, 1, 1, '197666728', NULL, NULL, NULL),
(727, 451, 1, 1, '197666739', NULL, NULL, NULL),
(728, 452, 1, 1, '197666750', NULL, NULL, NULL),
(729, 453, 1, 1, '197666761', NULL, NULL, NULL),
(730, 454, 1, 1, '197666772', NULL, NULL, NULL),
(731, 455, 1, 1, '197666783', NULL, NULL, NULL),
(732, 456, 1, 1, '197666794', NULL, NULL, NULL),
(733, 457, 1, 1, '197666805', NULL, NULL, NULL),
(734, 458, 1, 1, '197666816', NULL, NULL, NULL),
(735, 459, 1, 1, '197666827', NULL, NULL, NULL),
(736, 460, 1, 1, '197666838', NULL, NULL, NULL),
(737, 461, 1, 1, '197666849', NULL, NULL, NULL),
(738, 462, 1, 1, '197666860', NULL, NULL, NULL),
(739, 463, 1, 2, '197666871', NULL, NULL, NULL),
(740, 464, 1, 2, '197666882', NULL, NULL, NULL),
(741, 465, 1, 2, '197666893', NULL, NULL, NULL),
(742, 466, 1, 2, '197666904', NULL, NULL, NULL),
(743, 467, 1, 2, '197666915', NULL, NULL, NULL),
(744, 468, 1, 2, '197666926', NULL, NULL, NULL),
(745, 469, 1, 2, '197666937', NULL, NULL, NULL),
(746, 470, 1, 2, '197666948', NULL, NULL, NULL),
(747, 471, 1, 2, '197666959', NULL, NULL, NULL),
(748, 472, 1, 2, '197666970', NULL, NULL, NULL),
(749, 473, 1, 2, '197666981', NULL, NULL, NULL),
(750, 474, 1, 2, '197666992', NULL, NULL, NULL),
(751, 475, 1, 2, '197667003', NULL, NULL, NULL),
(752, 476, 1, 2, '197667014', NULL, NULL, NULL),
(753, 477, 1, 2, '197667025', NULL, NULL, NULL),
(754, 478, 1, 2, '197667036', NULL, NULL, NULL),
(755, 479, 1, 2, '197667047', NULL, NULL, NULL),
(756, 480, 1, 2, '197667058', NULL, NULL, NULL),
(757, 481, 1, 2, '197667069', NULL, NULL, NULL),
(758, 482, 1, 2, '197667080', NULL, NULL, NULL),
(759, 483, 1, 2, '197667091', NULL, NULL, NULL),
(760, 484, 1, 2, '197667102', NULL, NULL, NULL),
(761, 485, 1, 2, '197667113', NULL, NULL, NULL),
(762, 486, 1, 2, '197667124', NULL, NULL, NULL),
(763, 487, 1, 2, '197667135', NULL, NULL, NULL),
(764, 488, 1, 2, '197667146', NULL, NULL, NULL),
(765, 489, 1, 2, '197667157', NULL, NULL, NULL),
(766, 490, 1, 3, '197667168', NULL, NULL, NULL),
(767, 491, 1, 3, '197667179', NULL, NULL, NULL),
(768, 492, 1, 3, '197667190', NULL, NULL, NULL),
(769, 493, 1, 3, '197667201', NULL, NULL, NULL),
(770, 494, 1, 3, '197667212', NULL, NULL, NULL),
(771, 495, 1, 3, '197667223', NULL, NULL, NULL),
(772, 496, 1, 3, '197667234', NULL, NULL, NULL),
(773, 497, 1, 3, '197667245', NULL, NULL, NULL),
(774, 498, 1, 3, '197667256', NULL, NULL, NULL),
(775, 499, 1, 3, '197667267', NULL, NULL, NULL),
(776, 500, 1, 3, '197667278', NULL, NULL, NULL),
(777, 501, 1, 3, '197667289', NULL, NULL, NULL),
(778, 502, 1, 3, '197667300', NULL, NULL, NULL),
(779, 503, 1, 3, '197667311', NULL, NULL, NULL),
(780, 504, 1, 3, '197667322', NULL, NULL, NULL),
(781, 505, 1, 3, '197667333', NULL, NULL, NULL),
(782, 506, 1, 3, '197667344', NULL, NULL, NULL),
(783, 507, 1, 4, '197667355', NULL, NULL, NULL),
(784, 508, 1, 4, '197667366', NULL, NULL, NULL),
(785, 509, 1, 4, '197667377', NULL, NULL, NULL),
(786, 510, 1, 4, '197667388', NULL, NULL, NULL),
(787, 511, 1, 4, '197667399', NULL, NULL, NULL),
(788, 512, 1, 4, '197667410', NULL, NULL, NULL),
(789, 513, 1, 4, '197667421', NULL, NULL, NULL),
(790, 514, 1, 4, '197667432', NULL, NULL, NULL),
(791, 515, 1, 4, '197667443', NULL, NULL, NULL),
(792, 516, 1, 4, '197667454', NULL, NULL, NULL),
(793, 517, 1, 4, '197667465', NULL, NULL, NULL),
(794, 518, 1, 4, '197667476', NULL, NULL, NULL),
(795, 519, 1, 4, '197667487', NULL, NULL, NULL),
(796, 520, 1, 4, '197667498', NULL, NULL, NULL),
(797, 521, 2, 5, '197667509', NULL, NULL, NULL),
(798, 522, 2, 5, '197667520', NULL, NULL, NULL),
(799, 523, 2, 5, '197667531', NULL, NULL, NULL),
(800, 524, 2, 5, '197667542', NULL, NULL, NULL),
(801, 525, 2, 5, '197667553', NULL, NULL, NULL),
(802, 526, 2, 5, '197667564', NULL, NULL, NULL),
(803, 527, 2, 5, '197667575', NULL, NULL, NULL),
(804, 528, 2, 5, '197667586', NULL, NULL, NULL),
(805, 529, 2, 5, '197667597', NULL, NULL, NULL),
(806, 530, 2, 5, '197667608', NULL, NULL, NULL),
(807, 531, 2, 5, '197667619', NULL, NULL, NULL),
(808, 532, 2, 5, '197667630', NULL, NULL, NULL),
(809, 533, 2, 5, '197667641', NULL, NULL, NULL),
(810, 534, 2, 5, '197667652', NULL, NULL, NULL),
(811, 535, 2, 5, '197667663', NULL, NULL, NULL),
(812, 536, 2, 5, '197667674', NULL, NULL, NULL),
(813, 537, 2, 6, '197667685', NULL, NULL, NULL),
(814, 538, 2, 6, '197667696', NULL, NULL, NULL),
(815, 539, 2, 6, '197667707', NULL, NULL, NULL),
(816, 540, 2, 6, '197667718', NULL, NULL, NULL),
(817, 541, 2, 6, '197667729', NULL, NULL, NULL),
(818, 542, 2, 6, '197667740', NULL, NULL, NULL),
(819, 543, 2, 6, '197667751', NULL, NULL, NULL),
(820, 544, 2, 6, '197667762', NULL, NULL, NULL),
(821, 545, 2, 6, '197667773', NULL, NULL, NULL),
(822, 546, 2, 6, '197667784', NULL, NULL, NULL),
(823, 547, 2, 6, '197667795', NULL, NULL, NULL),
(824, 548, 2, 6, '197667806', NULL, NULL, NULL),
(825, 549, 2, 6, '197667817', NULL, NULL, NULL),
(826, 550, 2, 6, '197667828', NULL, NULL, NULL),
(827, 551, 2, 6, '197667839', NULL, NULL, NULL),
(828, 552, 2, 7, '197667850', NULL, NULL, NULL),
(829, 553, 2, 7, '197667861', NULL, NULL, NULL),
(830, 554, 2, 7, '197667872', NULL, NULL, NULL),
(831, 555, 2, 7, '197667883', NULL, NULL, NULL),
(832, 556, 2, 7, '197667894', NULL, NULL, NULL),
(833, 557, 2, 7, '197667905', NULL, NULL, NULL),
(834, 558, 2, 7, '197667916', NULL, NULL, NULL),
(835, 559, 2, 7, '197667927', NULL, NULL, NULL),
(836, 560, 2, 7, '197667938', NULL, NULL, NULL),
(837, 561, 2, 7, '197667949', NULL, NULL, NULL),
(838, 562, 2, 7, '197667960', NULL, NULL, NULL),
(839, 563, 2, 8, '197667971', NULL, NULL, NULL),
(840, 564, 2, 8, '197667982', NULL, NULL, NULL),
(841, 565, 2, 8, '197667993', NULL, NULL, NULL),
(842, 566, 2, 8, '197668004', NULL, NULL, NULL),
(843, 567, 2, 8, '197668015', NULL, NULL, NULL),
(844, 568, 2, 8, '197668026', NULL, NULL, NULL),
(845, 569, 2, 8, '197668037', NULL, NULL, NULL),
(846, 570, 2, 8, '197668048', NULL, NULL, NULL),
(847, 571, 2, 8, '197668059', NULL, NULL, NULL),
(848, 572, 2, 8, '197668070', NULL, NULL, NULL),
(849, 573, 2, 8, '197668081', NULL, NULL, NULL),
(850, 574, 2, 8, '197668092', NULL, NULL, NULL),
(851, 575, 2, 8, '197668103', NULL, NULL, NULL),
(852, 576, 2, 8, '197668114', NULL, NULL, NULL),
(853, 577, 3, 9, '197668125', NULL, NULL, NULL),
(854, 578, 3, 9, '197668136', NULL, NULL, NULL),
(855, 579, 3, 9, '197668147', NULL, NULL, NULL),
(856, 580, 3, 9, '197668158', NULL, NULL, NULL),
(857, 581, 3, 9, '197668169', NULL, NULL, NULL),
(858, 582, 3, 9, '197668180', NULL, NULL, NULL),
(859, 583, 3, 9, '197668191', NULL, NULL, NULL),
(860, 584, 3, 9, '197668202', NULL, NULL, NULL),
(861, 585, 3, 9, '197668213', NULL, NULL, NULL),
(862, 586, 3, 9, '197668224', NULL, NULL, NULL),
(863, 587, 3, 9, '197668235', NULL, NULL, NULL),
(864, 588, 3, 9, '197668246', NULL, NULL, NULL),
(865, 589, 3, 10, '197668257', NULL, NULL, NULL),
(866, 590, 3, 10, '197668268', NULL, NULL, NULL),
(867, 591, 3, 10, '197668279', NULL, NULL, NULL),
(868, 592, 3, 10, '197668290', NULL, NULL, NULL),
(869, 593, 3, 10, '197668301', NULL, NULL, NULL),
(870, 594, 3, 10, '197668312', NULL, NULL, NULL),
(871, 595, 3, 10, '197668323', NULL, NULL, NULL),
(872, 596, 3, 10, '197668334', NULL, NULL, NULL),
(873, 597, 3, 10, '197668345', NULL, NULL, NULL),
(874, 598, 3, 10, '197668356', NULL, NULL, NULL),
(875, 599, 3, 10, '197668367', NULL, NULL, NULL),
(876, 600, 3, 10, '197668378', NULL, NULL, NULL),
(877, 601, 3, 10, '197668389', NULL, NULL, NULL),
(878, 602, 3, 10, '197668400', NULL, NULL, NULL),
(879, 603, 3, 10, '197668411', NULL, NULL, NULL),
(880, 604, 3, 10, '197668422', NULL, NULL, NULL),
(881, 605, 3, 10, '197668433', NULL, NULL, NULL),
(882, 606, 3, 10, '197668444', NULL, NULL, NULL),
(883, 607, 3, 11, '197668455', NULL, NULL, NULL),
(884, 608, 3, 11, '197668466', NULL, NULL, NULL),
(885, 609, 3, 11, '197668477', NULL, NULL, NULL),
(886, 610, 3, 11, '197668488', NULL, NULL, NULL),
(887, 611, 3, 11, '197668499', NULL, NULL, NULL),
(888, 612, 3, 11, '197668510', NULL, NULL, NULL),
(889, 613, 3, 11, '197668521', NULL, NULL, NULL),
(890, 614, 3, 11, '197668532', NULL, NULL, NULL),
(891, 615, 3, 11, '197668543', NULL, NULL, NULL),
(892, 616, 3, 11, '197668554', NULL, NULL, NULL),
(893, 617, 3, 11, '197668565', NULL, NULL, NULL),
(894, 618, 3, 11, '197668576', NULL, NULL, NULL),
(895, 619, 3, 11, '197668587', NULL, NULL, NULL),
(896, 620, 3, 11, '197668598', NULL, NULL, NULL),
(897, 621, 3, 11, '197668609', NULL, NULL, NULL),
(898, 622, 3, 11, '197668620', NULL, NULL, NULL),
(899, 623, 3, 11, '197668631', NULL, NULL, NULL),
(900, 624, 3, 11, '197668642', NULL, NULL, NULL),
(901, 625, 3, 11, '197668653', NULL, NULL, NULL),
(902, 626, 3, 11, '197668664', NULL, NULL, NULL),
(903, 627, 3, 11, '197668675', NULL, NULL, NULL),
(904, 628, 3, 11, '197668686', NULL, NULL, NULL),
(905, 629, 3, 11, '197668697', NULL, NULL, NULL),
(906, 630, 3, 11, '197668708', NULL, NULL, NULL),
(907, 631, 3, 11, '197668719', NULL, NULL, NULL),
(908, 632, 3, 11, '197668730', NULL, NULL, NULL),
(909, 633, 3, 11, '197668741', NULL, NULL, NULL),
(910, 634, 3, 11, '197668752', NULL, NULL, NULL),
(911, 635, 3, 11, '197668763', NULL, NULL, NULL),
(912, 636, 3, 11, '197668774', NULL, NULL, NULL),
(913, 637, 3, 11, '197668785', NULL, NULL, NULL),
(914, 638, 3, 11, '197668796', NULL, NULL, NULL),
(915, 639, 3, 11, '197668807', NULL, NULL, NULL),
(916, 640, 3, 11, '197668818', NULL, NULL, NULL),
(917, 641, 3, 11, '197668829', NULL, NULL, NULL),
(918, 642, 3, 11, '197668840', NULL, NULL, NULL),
(919, 643, 3, 11, '197668851', NULL, NULL, NULL),
(920, 644, 3, 11, '197668862', NULL, NULL, NULL),
(921, 645, 3, 11, '197668873', NULL, NULL, NULL),
(922, 646, 3, 11, '197668884', NULL, NULL, NULL),
(923, 647, 3, 11, '197668895', NULL, NULL, NULL),
(924, 648, 3, 11, '197668906', NULL, NULL, NULL),
(925, 649, 3, 11, '197668917', NULL, NULL, NULL),
(926, 650, 3, 11, '197668928', NULL, NULL, NULL),
(927, 651, 3, 12, '197668939', NULL, NULL, NULL),
(928, 652, 3, 12, '197668950', NULL, NULL, NULL),
(929, 653, 3, 12, '197668961', NULL, NULL, NULL),
(930, 654, 3, 12, '197668972', NULL, NULL, NULL),
(931, 655, 3, 12, '197668983', NULL, NULL, NULL),
(932, 656, 3, 12, '197668994', NULL, NULL, NULL),
(933, 657, 3, 12, '197669005', NULL, NULL, NULL),
(934, 658, 3, 12, '197669016', NULL, NULL, NULL),
(935, 659, 3, 12, '197669027', NULL, NULL, NULL),
(936, 660, 3, 12, '197669038', NULL, NULL, NULL),
(937, 661, 3, 12, '197669049', NULL, NULL, NULL),
(938, 662, 3, 12, '197669060', NULL, NULL, NULL),
(939, 663, 3, 12, '197669071', NULL, NULL, NULL),
(940, 664, 3, 12, '197669082', NULL, NULL, NULL),
(941, 665, 3, 12, '197669093', NULL, NULL, NULL),
(942, 666, 3, 12, '197669104', NULL, NULL, NULL),
(943, 667, 3, 12, '197669115', NULL, NULL, NULL),
(944, 668, 3, 12, '197669126', NULL, NULL, NULL),
(945, 669, 3, 12, '197669137', NULL, NULL, NULL),
(946, 670, 3, 12, '197669148', NULL, NULL, NULL),
(947, 671, 3, 12, '197669159', NULL, NULL, NULL),
(948, 672, 3, 12, '197669170', NULL, NULL, NULL),
(949, 673, 3, 12, '197669181', NULL, NULL, NULL),
(950, 674, 3, 12, '197669192', NULL, NULL, NULL),
(951, 675, 3, 12, '197669203', NULL, NULL, NULL),
(952, 676, 3, 12, '197669214', NULL, NULL, NULL),
(953, 677, 3, 12, '197669225', NULL, NULL, NULL),
(954, 678, 3, 12, '197669236', NULL, NULL, NULL),
(955, 679, 3, 12, '197669247', NULL, NULL, NULL),
(956, 680, 3, 12, '197669258', NULL, NULL, NULL),
(957, 681, 3, 12, '197669269', NULL, NULL, NULL),
(958, 682, 3, 12, '197669280', NULL, NULL, NULL),
(959, 683, 3, 12, '197669291', NULL, NULL, NULL),
(960, 684, 3, 12, '197669302', NULL, NULL, NULL),
(961, 685, 3, 12, '197669313', NULL, NULL, NULL),
(962, 686, 3, 12, '197669324', NULL, NULL, NULL),
(963, 687, 3, 12, '197669335', NULL, NULL, NULL),
(964, 688, 3, 12, '197669346', NULL, NULL, NULL),
(965, 689, 3, 12, '197669357', NULL, NULL, NULL),
(966, 690, 3, 12, '197669368', NULL, NULL, NULL),
(967, 691, 3, 12, '197669379', NULL, NULL, NULL),
(968, 692, 3, 12, '197669390', NULL, NULL, NULL),
(969, 693, 3, 12, '197669401', NULL, NULL, NULL),
(970, 694, 3, 12, '197669412', NULL, NULL, NULL),
(971, 695, 3, 12, '197669423', NULL, NULL, NULL),
(972, 696, 3, 12, '197669434', NULL, NULL, NULL),
(973, 697, 3, 12, '197669445', NULL, NULL, NULL),
(974, 698, 3, 12, '197669456', NULL, NULL, NULL),
(975, 699, 3, 12, '197669467', NULL, NULL, NULL),
(976, 700, 3, 12, '197669478', NULL, NULL, NULL),
(977, 701, 3, 12, '197669489', NULL, NULL, NULL),
(978, 702, 3, 12, '197669500', NULL, NULL, NULL),
(979, 703, 3, 12, '197669511', NULL, NULL, NULL),
(980, 704, 3, 12, '197669522', NULL, NULL, NULL),
(981, 705, 3, 12, '197669533', NULL, NULL, NULL),
(982, 706, 3, 12, '197669544', NULL, NULL, NULL),
(983, 707, 3, 12, '197669555', NULL, NULL, NULL),
(984, 708, 3, 12, '197669566', NULL, NULL, NULL),
(985, 709, 3, 12, '197669577', NULL, NULL, NULL),
(986, 710, 3, 12, '197669588', NULL, NULL, NULL);

-- --------------------------------------------------------

--
-- Table structure for table `tb_teacher_exam_schedule`
--

CREATE TABLE `tb_teacher_exam_schedule` (
  `teacher_id` bigint(20) NOT NULL,
  `user_id` bigint(20) NOT NULL DEFAULT '0',
  `room_id` bigint(20) NOT NULL DEFAULT '0',
  `room_name` varchar(500) NOT NULL,
  `date` date NOT NULL,
  `start_time` time NOT NULL,
  `end_time` time NOT NULL
) ENGINE=InnoDB DEFAULT CHARSET=latin1;

--
-- Dumping data for table `tb_teacher_exam_schedule`
--

INSERT INTO `tb_teacher_exam_schedule` (`teacher_id`, `user_id`, `room_id`, `room_name`, `date`, `start_time`, `end_time`) VALUES
(1, 254, 1, 'B12', '2022-02-02', '10:00:00', '12:00:00'),
(2, 235, 1, 'B12', '2022-02-02', '10:00:00', '12:00:00'),
(3, 247, 2, 'C10', '2022-02-05', '09:00:00', '23:00:00'),
(4, 249, 2, 'C10', '2022-02-05', '09:00:00', '23:00:00'),
(5, 250, 3, 'C12', '2022-02-07', '14:00:00', '17:00:00'),
(6, 255, 3, 'C12', '2022-02-07', '14:00:00', '17:00:00'),
(7, 231, 2, 'C10', '2022-02-02', '10:00:00', '12:00:00'),
(8, 250, 2, 'C10', '2022-02-02', '10:00:00', '12:00:00'),
(9, 236, 3, 'C12', '2022-02-02', '10:00:00', '12:00:00'),
(10, 260, 3, 'C12', '2022-02-02', '10:00:00', '12:00:00'),
(11, 245, 1, 'B12', '2022-02-05', '09:00:00', '11:00:00'),
(12, 219, 1, 'B12', '2022-02-05', '09:00:00', '11:00:00'),
(13, 258, 4, 'B11', '2022-02-05', '09:00:00', '11:00:00'),
(14, 236, 4, 'B11', '2022-02-05', '09:00:00', '11:00:00'),
(15, 248, 1, 'B12', '2022-02-07', '14:08:00', '17:59:00'),
(16, 257, 1, 'B12', '2022-02-07', '14:08:00', '17:59:00'),
(17, 243, 3, 'C12', '2022-02-07', '14:08:00', '17:59:00'),
(18, 221, 3, 'C12', '2022-02-07', '14:08:00', '17:59:00'),
(19, 230, 4, 'B11', '2022-02-07', '14:08:00', '17:59:00'),
(20, 252, 4, 'B11', '2022-02-07', '14:08:00', '17:59:00');

-- --------------------------------------------------------

--
-- Table structure for table `xtb_exam_room_info`
--

CREATE TABLE `xtb_exam_room_info` (
  `exam_room_id` bigint(20) NOT NULL,
  `user_id` bigint(20) NOT NULL DEFAULT '0',
  `staff_Id` bigint(20) NOT NULL DEFAULT '0',
  `teacher_id` bigint(20) NOT NULL DEFAULT '0',
  `building_id` bigint(20) NOT NULL DEFAULT '0',
  `floor_id` bigint(20) NOT NULL DEFAULT '0',
  `room_id` bigint(20) NOT NULL DEFAULT '0',
  `seat_no` bigint(20) NOT NULL DEFAULT '0'
) ENGINE=InnoDB DEFAULT CHARSET=latin1;

-- --------------------------------------------------------

--
-- Table structure for table `xtb_staff_details`
--

CREATE TABLE `xtb_staff_details` (
  `staff_id` bigint(20) NOT NULL,
  `staff_name` varchar(500) DEFAULT NULL,
  `staff_u_id` varchar(500) DEFAULT NULL,
  `building_id` bigint(20) DEFAULT NULL,
  `shift` varchar(500) DEFAULT NULL,
  `floor` varchar(500) DEFAULT NULL
) ENGINE=InnoDB DEFAULT CHARSET=latin1;

--
-- Dumping data for table `xtb_staff_details`
--

INSERT INTO `xtb_staff_details` (`staff_id`, `staff_name`, `staff_u_id`, `building_id`, `shift`, `floor`) VALUES
(1, 'A Building', '4', NULL, NULL, NULL),
(2, 'Kamruzzaman Shah', 'STF0156789', NULL, NULL, NULL),
(3, 'Hena Mostafa', 'STF0156790', NULL, NULL, NULL),
(4, 'Osman Shah', 'STF0156791', NULL, NULL, NULL),
(5, 'Md. Jawadur', 'STF0156792', NULL, NULL, NULL),
(6, 'Shakir Alam', 'STF0156793', NULL, NULL, NULL),
(7, 'Md. Jawadur', 'STF0156794', NULL, NULL, NULL),
(8, 'Mr. Azizul', 'STF0156795', NULL, NULL, NULL),
(9, 'Mannan Mozumder', 'STF0156796', NULL, NULL, NULL),
(10, 'Mr. Ahasanul', 'STF0156797', NULL, NULL, NULL),
(11, 'SM Sohel', 'STF0156798', NULL, NULL, NULL),
(12, 'Hamid Khan', 'STF0156799', NULL, NULL, NULL),
(13, 'JAWADUL ALAM', 'STF0156800', NULL, NULL, NULL),
(14, 'ROUNAK SHAH', 'STF0156801', NULL, NULL, NULL),
(15, 'MD ISHAAN', 'STF0156802', NULL, NULL, NULL),
(16, 'HASIB IQBAL', 'STF0156803', NULL, NULL, NULL),
(17, 'MD MUNNA ', 'STF0156804', NULL, NULL, NULL),
(18, 'AKBAR ULLAH', 'STF0156805', NULL, NULL, NULL),
(19, 'TOPON ROY', 'STF0156806', NULL, NULL, NULL),
(20, 'SHADAT HOSSAIN', 'STF0156807', NULL, NULL, NULL),
(21, 'TUSAR HAQUE', 'STF0156808', NULL, NULL, NULL),
(22, 'Soapy\'s Cleaning', 'asdf', NULL, NULL, NULL),
(23, 'Soapy\'s Cleaning', 'asdf', NULL, NULL, NULL);

--
-- Indexes for dumped tables
--

--
-- Indexes for table `exam_schedule`
--
ALTER TABLE `exam_schedule`
  ADD PRIMARY KEY (`exam_schedule`);

--
-- Indexes for table `tbprofile`
--
ALTER TABLE `tbprofile`
  ADD PRIMARY KEY (`user_id`),
  ADD UNIQUE KEY `user_id` (`user_id`);

--
-- Indexes for table `tb_building`
--
ALTER TABLE `tb_building`
  ADD PRIMARY KEY (`building_id`);

--
-- Indexes for table `tb_floor_info`
--
ALTER TABLE `tb_floor_info`
  ADD PRIMARY KEY (`floor_id`);

--
-- Indexes for table `tb_room_info`
--
ALTER TABLE `tb_room_info`
  ADD PRIMARY KEY (`room_id`);

--
-- Indexes for table `tb_student_details`
--
ALTER TABLE `tb_student_details`
  ADD PRIMARY KEY (`student_id`);

--
-- Indexes for table `tb_teacher_exam_schedule`
--
ALTER TABLE `tb_teacher_exam_schedule`
  ADD PRIMARY KEY (`teacher_id`);

--
-- Indexes for table `xtb_exam_room_info`
--
ALTER TABLE `xtb_exam_room_info`
  ADD PRIMARY KEY (`exam_room_id`);

--
-- Indexes for table `xtb_staff_details`
--
ALTER TABLE `xtb_staff_details`
  ADD PRIMARY KEY (`staff_id`);

--
-- AUTO_INCREMENT for dumped tables
--

--
-- AUTO_INCREMENT for table `exam_schedule`
--
ALTER TABLE `exam_schedule`
  MODIFY `exam_schedule` bigint(20) NOT NULL AUTO_INCREMENT, AUTO_INCREMENT=241;

--
-- AUTO_INCREMENT for table `tbprofile`
--
ALTER TABLE `tbprofile`
  MODIFY `user_id` bigint(20) NOT NULL AUTO_INCREMENT, AUTO_INCREMENT=711;

--
-- AUTO_INCREMENT for table `tb_building`
--
ALTER TABLE `tb_building`
  MODIFY `building_id` int(11) NOT NULL AUTO_INCREMENT, AUTO_INCREMENT=3;

--
-- AUTO_INCREMENT for table `tb_floor_info`
--
ALTER TABLE `tb_floor_info`
  MODIFY `floor_id` bigint(20) NOT NULL AUTO_INCREMENT, AUTO_INCREMENT=3;

--
-- AUTO_INCREMENT for table `tb_room_info`
--
ALTER TABLE `tb_room_info`
  MODIFY `room_id` bigint(20) NOT NULL AUTO_INCREMENT, AUTO_INCREMENT=11;

--
-- AUTO_INCREMENT for table `tb_student_details`
--
ALTER TABLE `tb_student_details`
  MODIFY `student_id` bigint(20) NOT NULL AUTO_INCREMENT, AUTO_INCREMENT=987;

--
-- AUTO_INCREMENT for table `tb_teacher_exam_schedule`
--
ALTER TABLE `tb_teacher_exam_schedule`
  MODIFY `teacher_id` bigint(20) NOT NULL AUTO_INCREMENT, AUTO_INCREMENT=21;

--
-- AUTO_INCREMENT for table `xtb_exam_room_info`
--
ALTER TABLE `xtb_exam_room_info`
  MODIFY `exam_room_id` bigint(20) NOT NULL AUTO_INCREMENT;

--
-- AUTO_INCREMENT for table `xtb_staff_details`
--
ALTER TABLE `xtb_staff_details`
  MODIFY `staff_id` bigint(20) NOT NULL AUTO_INCREMENT, AUTO_INCREMENT=24;
COMMIT;

/*!40101 SET CHARACTER_SET_CLIENT=@OLD_CHARACTER_SET_CLIENT */;
/*!40101 SET CHARACTER_SET_RESULTS=@OLD_CHARACTER_SET_RESULTS */;
/*!40101 SET COLLATION_CONNECTION=@OLD_COLLATION_CONNECTION */;
